x0,y0,z0,x1,y1,z1,x2,y2,z2,x3,y3,z3,x4,y4,z4,x5,y5,z5,x6,y6,z6,x7,y7,z7,podx,pody,podz
33.61527542,-2.434587521,-39.19708589,-33.85271179,-5.898104033,-36.04810077,32.57082953,-2.289632555,-43.55691163,-28.73533155,-3.189776139,-43.27465409,-29.8594831,1.337309098,-40.40435322,26.48228038,1.258598747,-38.68948244,-34.41779794,5.758680329,-37.13133077,32.9148773,2.593590915,-40.17957838,-0.00625,0.0375,0.024
33.44291591,6.303976904,-36.6415157,-35.17104295,5.781017683,-39.15217611,36.74035366,-5.767679538,-37.52158787,-33.39929267,-5.676448935,-37.29942981,-29.66747023,-0.553994948,-40.29794298,25.93592205,0.092760736,-38.51305666,-32.11536629,1.226878383,-45.12466258,28.82429448,1.146416456,-43.12122699,0,0.01254,0.026
31.72107234,7.833831368,-33.96490993,-35.05316567,4.114112869,-41.7178524,35.01734379,-7.404005415,-34.51813048,-33.27532962,-3.939223554,-40.14806864,-29.7088146,-0.609325641,-40.29864982,25.91484223,0.131627413,-38.53481565,-32.23209211,0.810133067,-45.12916367,28.58441986,1.468062789,-43.09596409,0.00625,0.01254,0.016
31.90099512,-5.962779576,-33.45334766,-35.306833,-2.523030288,-41.548488,32.20526786,-3.087242162,-43.54436984,-29.12687793,-2.364764987,-43.3366504,-30.21323849,0.574114777,-40.43846916,26.14126129,1.976160572,-38.68985798,-35.93644027,2.467549877,-42.22175257,31.47793585,6.01347761,-35.05515434,0.00625,0.0375,0.012
29.43037739,-0.679093159,-42.40995685,-30.91556834,-1.746695238,-44.59433861,32.02236769,-1.046271563,-43.41431101,-28.47404624,-1.185193883,-43.21507617,-32.54516101,5.303666305,-32.81554975,30.45028914,3.129597558,-35.65646129,-34.64551227,-7.232277571,-36.4218354,33.20720932,-4.292580307,-39.77469888,-0.00625,0.0625,0.012
30.76190595,-2.046914471,-41.80410408,-31.74006645,-4.443260867,-42.9894598,32.15079829,-1.466145671,-43.50947623,-28.52481987,-1.796413594,-43.32000149,-30.58806108,3.821252131,-39.08886372,27.68655658,2.585796239,-38.14868279,-35.87471223,-0.416729924,-30.70715166,35.14797347,-0.638833236,-37.7171692,-0.00625,0.05,0.018
29.33325885,-1.095681144,-42.42959005,-31.19768009,-1.381200991,-44.65770121,32.00574899,-1.093954414,-43.4502905,-28.55415837,-1.145146874,-43.25037582,-34.05523504,3.774610978,-35.34684923,30.55968391,4.904237598,-32.98431723,-36.3424613,-5.742148458,-39.25612481,33.42859464,-6.04182749,-36.91496364,0,0.06254,0.026
35.54691136,1.141871166,-36.94243177,-35.21498836,0.786228052,-30.17651259,33.83618045,-3.605590226,-42.94121536,-29.54487519,-5.93301777,-41.55436852,-29.66894965,0.071186799,-40.41426909,26.08062725,0.444018405,-38.61280939,-32.5559816,4.105775333,-43.69288132,30.10987413,2.047519569,-42.57636979,-0.00625,0.025,0.012
30.60775883,-3.233029617,-41.29365171,-32.45334281,-3.391083624,-43.53781026,32.11838341,-1.612041738,-43.57753047,-28.67190316,-1.675772659,-43.37719313,-31.24154581,2.888016139,-39.51221206,27.55778612,3.710994989,-37.69067187,-38.2731963,-0.566881088,-35.40037703,35.64298117,-0.515304351,-32.94007243,0,0.05004,0.025
33.35344097,4.557768822,-39.36016634,-33.57532664,7.283928434,-36.55122314,36.61259851,-3.958929076,-40.42955053,-31.65736581,-7.19665272,-34.39481993,-29.62432939,-0.497266217,-40.28077111,25.9640116,0.040711554,-38.50039787,-31.85922941,1.566111354,-45.0881228,28.88633622,0.72777678,-43.06229946,-0.00625,0.0125,0.023
33.74723926,-4.296047471,-36.33380268,-35.51976265,-4.295061853,-38.84960274,32.47355929,-2.720647692,-43.57845721,-29.04346777,-2.812672232,-43.36839988,-30.13374233,0.99070703,-40.46824902,26.37853766,1.667323745,-38.67448456,-36.10807603,4.17851755,-39.74424218,33.14987428,4.409272855,-37.61041939,0,0.03754,0.025
35.54691136,1.141871166,-36.94243177,-35.21498836,0.786228052,-30.17651259,33.83618045,-3.605590226,-42.94121536,-29.54487519,-5.93301777,-41.55436852,-29.66894965,0.071186799,-40.41426909,26.08062725,0.444018405,-38.61280939,-32.5559816,4.105775333,-43.69288132,30.10987413,2.047519569,-42.57636979,-0.00625,0.025,0.013
29.43037739,-0.679093159,-42.40995685,-30.91556834,-1.746695238,-44.59433861,32.02236769,-1.046271563,-43.41431101,-28.47404624,-1.185193883,-43.21507617,-32.54516101,5.303666305,-32.81554975,30.45028914,3.129597558,-35.65646129,-34.64551227,-7.232277571,-36.4218354,33.20720932,-4.292580307,-39.77469888,-0.00625,0.0625,0.014
29.85607034,-4.285265547,-40.77461462,-32.54717863,-2.229389745,-44.00245062,32.0202534,-1.737303729,-43.58212311,-28.71164802,-1.524596722,-43.3241765,-31.35707037,1.783115992,-39.92824149,26.83321894,4.615686489,-37.2640479,-37.89616449,-0.63521565,-39.96606187,33.16278933,-0.352914426,-28.27591782,0.00625,0.05,0.018
28.95102639,0.034602076,-42.39749223,-30.8052731,-0.27766574,-44.63004083,31.96337416,-0.850687442,-43.35579284,-28.5142194,-0.893738369,-43.17598941,-36.26689593,-1.024518649,-31.19075014,33.02134856,-0.183284862,-28.21558013,-33.42509606,-5.015022537,-43.97802167,30.18070917,-5.254732135,-41.86026139,0,0.07504,0.022
31.72107234,7.833831368,-33.96490993,-35.05316567,4.114112869,-41.7178524,35.01734379,-7.404005415,-34.51813048,-33.27532962,-3.939223554,-40.14806864,-29.7088146,-0.609325641,-40.29864982,25.91484223,0.131627413,-38.53481565,-32.23209211,0.810133067,-45.12916367,28.58441986,1.468062789,-43.09596409,0.00625,0.01254,0.021
33.35344097,4.557768822,-39.36016634,-33.57532664,7.283928434,-36.55122314,36.61259851,-3.958929076,-40.42955053,-31.65736581,-7.19665272,-34.39481993,-29.62432939,-0.497266217,-40.28077111,25.9640116,0.040711554,-38.50039787,-31.85922941,1.566111354,-45.0881228,28.88633622,0.72777678,-43.06229946,-0.00625,0.0125,0.012
28.84350212,-0.103882628,-42.39879975,-30.83383165,-0.126304416,-44.5784308,31.93075561,-0.874792069,-43.34843096,-28.49717321,-0.871860976,-43.13681463,-35.82700135,-1.023561064,-35.60910564,30.45053246,-0.091623387,-23.68105648,-33.51615578,-3.840651259,-44.41636491,29.44056782,-6.27549061,-41.27482202,0.00625,0.075,0.023
28.84350212,-0.103882628,-42.39879975,-30.83383165,-0.126304416,-44.5784308,31.93075561,-0.874792069,-43.34843096,-28.49717321,-0.871860976,-43.13681463,-35.82700135,-1.023561064,-35.60910564,30.45053246,-0.091623387,-23.68105648,-33.51615578,-3.840651259,-44.41636491,29.44056782,-6.27549061,-41.27482202,0.00625,0.075,0.026
33.74723926,-4.296047471,-36.33380268,-35.51976265,-4.295061853,-38.84960274,32.47355929,-2.720647692,-43.57845721,-29.04346777,-2.812672232,-43.36839988,-30.13374233,0.99070703,-40.46824902,26.37853766,1.667323745,-38.67448456,-36.10807603,4.17851755,-39.74424218,33.14987428,4.409272855,-37.61041939,0,0.03754,0.024
31.72107234,7.833831368,-33.96490993,-35.05316567,4.114112869,-41.7178524,35.01734379,-7.404005415,-34.51813048,-33.27532962,-3.939223554,-40.14806864,-29.7088146,-0.609325641,-40.29864982,25.91484223,0.131627413,-38.53481565,-32.23209211,0.810133067,-45.12916367,28.58441986,1.468062789,-43.09596409,0.00625,0.01254,0.015
1.973686893,-1.655667203,-38.9666755,-2.067443899,-1.244216619,-40.85995557,-4.607137762,-1.970058904,-38.12508408,3.926686097,-1.380673828,-40.23100911,-4.883904368,-2.18602613,-38.88700243,3.893178158,-1.550047898,-40.74494018,1.475674134,-1.880684019,-39.6932923,-2.298473391,-1.406844261,-41.39897683,-0.00625,0.075,0.026
31.72107234,7.833831368,-33.96490993,-35.05316567,4.114112869,-41.7178524,35.01734379,-7.404005415,-34.51813048,-33.27532962,-3.939223554,-40.14806864,-29.7088146,-0.609325641,-40.29864982,25.91484223,0.131627413,-38.53481565,-32.23209211,0.810133067,-45.12916367,28.58441986,1.468062789,-43.09596409,0.00625,0.01254,0.025
29.06059965,-1.468921284,-42.39274381,-31.27693905,-0.944650653,-44.62594957,31.95888224,-1.143489047,-43.44835279,-28.55694559,-1.0894667,-43.21719522,-33.88730119,2.120910822,-37.73882147,28.83764448,6.433428852,-30.45742062,-36.19990576,-4.039550359,-41.95719945,31.6875589,-7.530578687,-34.00125969,0.00625,0.0625,0.018
33.35344097,4.557768822,-39.36016634,-33.57532664,7.283928434,-36.55122314,36.61259851,-3.958929076,-40.42955053,-31.65736581,-7.19665272,-34.39481993,-29.62432939,-0.497266217,-40.28077111,25.9640116,0.040711554,-38.50039787,-31.85922941,1.566111354,-45.0881228,28.88633622,0.72777678,-43.06229946,-0.00625,0.0125,0.024
33.2043279,1.017831993,-27.34251987,-37.08413502,0.863371607,-39.48333771,32.97587787,-5.852223628,-41.8864792,-30.44300685,-3.68575589,-42.68440715,-29.82768375,-0.206953761,-40.38763696,25.95675682,0.693872192,-38.67539567,-33.36600941,2.050929794,-44.54725359,29.33163448,4.106514526,-41.74664009,0.00625,0.025,0.024
33.44291591,6.303976904,-36.6415157,-35.17104295,5.781017683,-39.15217611,36.74035366,-5.767679538,-37.52158787,-33.39929267,-5.676448935,-37.29942981,-29.66747023,-0.553994948,-40.29794298,25.93592205,0.092760736,-38.51305666,-32.11536629,1.226878383,-45.12466258,28.82429448,1.146416456,-43.12122699,0,0.01254,0.025
29.43037739,-0.679093159,-42.40995685,-30.91556834,-1.746695238,-44.59433861,32.02236769,-1.046271563,-43.41431101,-28.47404624,-1.185193883,-43.21507617,-32.54516101,5.303666305,-32.81554975,30.45028914,3.129597558,-35.65646129,-34.64551227,-7.232277571,-36.4218354,33.20720932,-4.292580307,-39.77469888,-0.00625,0.0625,0.019
33.35344097,4.557768822,-39.36016634,-33.57532664,7.283928434,-36.55122314,36.61259851,-3.958929076,-40.42955053,-31.65736581,-7.19665272,-34.39481993,-29.62432939,-0.497266217,-40.28077111,25.9640116,0.040711554,-38.50039787,-31.85922941,1.566111354,-45.0881228,28.88633622,0.72777678,-43.06229946,-0.00625,0.0125,0.018
1.973686893,-1.655667203,-38.9666755,-2.067443899,-1.244216619,-40.85995557,-4.607137762,-1.970058904,-38.12508408,3.926686097,-1.380673828,-40.23100911,-4.883904368,-2.18602613,-38.88700243,3.893178158,-1.550047898,-40.74494018,1.475674134,-1.880684019,-39.6932923,-2.298473391,-1.406844261,-41.39897683,-0.00625,0.075,0.02
30.60775883,-3.233029617,-41.29365171,-32.45334281,-3.391083624,-43.53781026,32.11838341,-1.612041738,-43.57753047,-28.67190316,-1.675772659,-43.37719313,-31.24154581,2.888016139,-39.51221206,27.55778612,3.710994989,-37.69067187,-38.2731963,-0.566881088,-35.40037703,35.64298117,-0.515304351,-32.94007243,0,0.05004,0.017
29.43037739,-0.679093159,-42.40995685,-30.91556834,-1.746695238,-44.59433861,32.02236769,-1.046271563,-43.41431101,-28.47404624,-1.185193883,-43.21507617,-32.54516101,5.303666305,-32.81554975,30.45028914,3.129597558,-35.65646129,-34.64551227,-7.232277571,-36.4218354,33.20720932,-4.292580307,-39.77469888,-0.00625,0.0625,0.013
30.76190595,-2.046914471,-41.80410408,-31.74006645,-4.443260867,-42.9894598,32.15079829,-1.466145671,-43.50947623,-28.52481987,-1.796413594,-43.32000149,-30.58806108,3.821252131,-39.08886372,27.68655658,2.585796239,-38.14868279,-35.87471223,-0.416729924,-30.70715166,35.14797347,-0.638833236,-37.7171692,-0.00625,0.05,0.013
31.90099512,-5.962779576,-33.45334766,-35.306833,-2.523030288,-41.548488,32.20526786,-3.087242162,-43.54436984,-29.12687793,-2.364764987,-43.3366504,-30.21323849,0.574114777,-40.43846916,26.14126129,1.976160572,-38.68985798,-35.93644027,2.467549877,-42.22175257,31.47793585,6.01347761,-35.05515434,0.00625,0.0375,0.021
29.85607034,-4.285265547,-40.77461462,-32.54717863,-2.229389745,-44.00245062,32.0202534,-1.737303729,-43.58212311,-28.71164802,-1.524596722,-43.3241765,-31.35707037,1.783115992,-39.92824149,26.83321894,4.615686489,-37.2640479,-37.89616449,-0.63521565,-39.96606187,33.16278933,-0.352914426,-28.27591782,0.00625,0.05,0.024
30.60775883,-3.233029617,-41.29365171,-32.45334281,-3.391083624,-43.53781026,32.11838341,-1.612041738,-43.57753047,-28.67190316,-1.675772659,-43.37719313,-31.24154581,2.888016139,-39.51221206,27.55778612,3.710994989,-37.69067187,-38.2731963,-0.566881088,-35.40037703,35.64298117,-0.515304351,-32.94007243,0,0.05004,0.019
1.973686893,-1.655667203,-38.9666755,-2.067443899,-1.244216619,-40.85995557,-4.607137762,-1.970058904,-38.12508408,3.926686097,-1.380673828,-40.23100911,-4.883904368,-2.18602613,-38.88700243,3.893178158,-1.550047898,-40.74494018,1.475674134,-1.880684019,-39.6932923,-2.298473391,-1.406844261,-41.39897683,-0.00625,0.075,0.025
28.95102639,0.034602076,-42.39749223,-30.8052731,-0.27766574,-44.63004083,31.96337416,-0.850687442,-43.35579284,-28.5142194,-0.893738369,-43.17598941,-36.26689593,-1.024518649,-31.19075014,33.02134856,-0.183284862,-28.21558013,-33.42509606,-5.015022537,-43.97802167,30.18070917,-5.254732135,-41.86026139,0,0.07504,0.02
33.2043279,1.017831993,-27.34251987,-37.08413502,0.863371607,-39.48333771,32.97587787,-5.852223628,-41.8864792,-30.44300685,-3.68575589,-42.68440715,-29.82768375,-0.206953761,-40.38763696,25.95675682,0.693872192,-38.67539567,-33.36600941,2.050929794,-44.54725359,29.33163448,4.106514526,-41.74664009,0.00625,0.025,0.017
30.60775883,-3.233029617,-41.29365171,-32.45334281,-3.391083624,-43.53781026,32.11838341,-1.612041738,-43.57753047,-28.67190316,-1.675772659,-43.37719313,-31.24154581,2.888016139,-39.51221206,27.55778612,3.710994989,-37.69067187,-38.2731963,-0.566881088,-35.40037703,35.64298117,-0.515304351,-32.94007243,0,0.05004,0.023
30.76190595,-2.046914471,-41.80410408,-31.74006645,-4.443260867,-42.9894598,32.15079829,-1.466145671,-43.50947623,-28.52481987,-1.796413594,-43.32000149,-30.58806108,3.821252131,-39.08886372,27.68655658,2.585796239,-38.14868279,-35.87471223,-0.416729924,-30.70715166,35.14797347,-0.638833236,-37.7171692,-0.00625,0.05,0.023
29.06059965,-1.468921284,-42.39274381,-31.27693905,-0.944650653,-44.62594957,31.95888224,-1.143489047,-43.44835279,-28.55694559,-1.0894667,-43.21719522,-33.88730119,2.120910822,-37.73882147,28.83764448,6.433428852,-30.45742062,-36.19990576,-4.039550359,-41.95719945,31.6875589,-7.530578687,-34.00125969,0.00625,0.0625,0.023
33.44291591,6.303976904,-36.6415157,-35.17104295,5.781017683,-39.15217611,36.74035366,-5.767679538,-37.52158787,-33.39929267,-5.676448935,-37.29942981,-29.66747023,-0.553994948,-40.29794298,25.93592205,0.092760736,-38.51305666,-32.11536629,1.226878383,-45.12466258,28.82429448,1.146416456,-43.12122699,0,0.01254,0.023
31.90099512,-5.962779576,-33.45334766,-35.306833,-2.523030288,-41.548488,32.20526786,-3.087242162,-43.54436984,-29.12687793,-2.364764987,-43.3366504,-30.21323849,0.574114777,-40.43846916,26.14126129,1.976160572,-38.68985798,-35.93644027,2.467549877,-42.22175257,31.47793585,6.01347761,-35.05515434,0.00625,0.0375,0.017
30.76190595,-2.046914471,-41.80410408,-31.74006645,-4.443260867,-42.9894598,32.15079829,-1.466145671,-43.50947623,-28.52481987,-1.796413594,-43.32000149,-30.58806108,3.821252131,-39.08886372,27.68655658,2.585796239,-38.14868279,-35.87471223,-0.416729924,-30.70715166,35.14797347,-0.638833236,-37.7171692,-0.00625,0.05,0.021
29.06059965,-1.468921284,-42.39274381,-31.27693905,-0.944650653,-44.62594957,31.95888224,-1.143489047,-43.44835279,-28.55694559,-1.0894667,-43.21719522,-33.88730119,2.120910822,-37.73882147,28.83764448,6.433428852,-30.45742062,-36.19990576,-4.039550359,-41.95719945,31.6875589,-7.530578687,-34.00125969,0.00625,0.0625,0.015
35.84691231,1.086675728,-32.04536204,-37.54371992,0.819073509,-34.8438485,33.69693986,-4.798530546,-42.41194666,-30.29849014,-4.890650601,-42.13621836,-29.77595239,-0.061349693,-40.42883068,26.04592043,0.585445061,-38.6671026,-33.23413541,3.155842915,-44.12838617,30.00501084,3.177355718,-42.16607766,0,0.02504,0.017
29.33325885,-1.095681144,-42.42959005,-31.19768009,-1.381200991,-44.65770121,32.00574899,-1.093954414,-43.4502905,-28.55415837,-1.145146874,-43.25037582,-34.05523504,3.774610978,-35.34684923,30.55968391,4.904237598,-32.98431723,-36.3424613,-5.742148458,-39.25612481,33.42859464,-6.04182749,-36.91496364,0,0.06254,0.018
35.84691231,1.086675728,-32.04536204,-37.54371992,0.819073509,-34.8438485,33.69693986,-4.798530546,-42.41194666,-30.29849014,-4.890650601,-42.13621836,-29.77595239,-0.061349693,-40.42883068,26.04592043,0.585445061,-38.6671026,-33.23413541,3.155842915,-44.12838617,30.00501084,3.177355718,-42.16607766,0,0.02504,0.015
29.85607034,-4.285265547,-40.77461462,-32.54717863,-2.229389745,-44.00245062,32.0202534,-1.737303729,-43.58212311,-28.71164802,-1.524596722,-43.3241765,-31.35707037,1.783115992,-39.92824149,26.83321894,4.615686489,-37.2640479,-37.89616449,-0.63521565,-39.96606187,33.16278933,-0.352914426,-28.27591782,0.00625,0.05,0.013
33.44291591,6.303976904,-36.6415157,-35.17104295,5.781017683,-39.15217611,36.74035366,-5.767679538,-37.52158787,-33.39929267,-5.676448935,-37.29942981,-29.66747023,-0.553994948,-40.29794298,25.93592205,0.092760736,-38.51305666,-32.11536629,1.226878383,-45.12466258,28.82429448,1.146416456,-43.12122699,0,0.01254,0.015
35.84691231,1.086675728,-32.04536204,-37.54371992,0.819073509,-34.8438485,33.69693986,-4.798530546,-42.41194666,-30.29849014,-4.890650601,-42.13621836,-29.77595239,-0.061349693,-40.42883068,26.04592043,0.585445061,-38.6671026,-33.23413541,3.155842915,-44.12838617,30.00501084,3.177355718,-42.16607766,0,0.02504,0.026
30.76190595,-2.046914471,-41.80410408,-31.74006645,-4.443260867,-42.9894598,32.15079829,-1.466145671,-43.50947623,-28.52481987,-1.796413594,-43.32000149,-30.58806108,3.821252131,-39.08886372,27.68655658,2.585796239,-38.14868279,-35.87471223,-0.416729924,-30.70715166,35.14797347,-0.638833236,-37.7171692,-0.00625,0.05,0.024
1.973686893,-1.655667203,-38.9666755,-2.067443899,-1.244216619,-40.85995557,-4.607137762,-1.970058904,-38.12508408,3.926686097,-1.380673828,-40.23100911,-4.883904368,-2.18602613,-38.88700243,3.893178158,-1.550047898,-40.74494018,1.475674134,-1.880684019,-39.6932923,-2.298473391,-1.406844261,-41.39897683,-0.00625,0.075,0.015
30.76190595,-2.046914471,-41.80410408,-31.74006645,-4.443260867,-42.9894598,32.15079829,-1.466145671,-43.50947623,-28.52481987,-1.796413594,-43.32000149,-30.58806108,3.821252131,-39.08886372,27.68655658,2.585796239,-38.14868279,-35.87471223,-0.416729924,-30.70715166,35.14797347,-0.638833236,-37.7171692,-0.00625,0.05,0.025
35.54691136,1.141871166,-36.94243177,-35.21498836,0.786228052,-30.17651259,33.83618045,-3.605590226,-42.94121536,-29.54487519,-5.93301777,-41.55436852,-29.66894965,0.071186799,-40.41426909,26.08062725,0.444018405,-38.61280939,-32.5559816,4.105775333,-43.69288132,30.10987413,2.047519569,-42.57636979,-0.00625,0.025,0.023
30.60775883,-3.233029617,-41.29365171,-32.45334281,-3.391083624,-43.53781026,32.11838341,-1.612041738,-43.57753047,-28.67190316,-1.675772659,-43.37719313,-31.24154581,2.888016139,-39.51221206,27.55778612,3.710994989,-37.69067187,-38.2731963,-0.566881088,-35.40037703,35.64298117,-0.515304351,-32.94007243,0,0.05004,0.016
33.44291591,6.303976904,-36.6415157,-35.17104295,5.781017683,-39.15217611,36.74035366,-5.767679538,-37.52158787,-33.39929267,-5.676448935,-37.29942981,-29.66747023,-0.553994948,-40.29794298,25.93592205,0.092760736,-38.51305666,-32.11536629,1.226878383,-45.12466258,28.82429448,1.146416456,-43.12122699,0,0.01254,0.02
33.35344097,4.557768822,-39.36016634,-33.57532664,7.283928434,-36.55122314,36.61259851,-3.958929076,-40.42955053,-31.65736581,-7.19665272,-34.39481993,-29.62432939,-0.497266217,-40.28077111,25.9640116,0.040711554,-38.50039787,-31.85922941,1.566111354,-45.0881228,28.88633622,0.72777678,-43.06229946,-0.00625,0.0125,0.02
33.44291591,6.303976904,-36.6415157,-35.17104295,5.781017683,-39.15217611,36.74035366,-5.767679538,-37.52158787,-33.39929267,-5.676448935,-37.29942981,-29.66747023,-0.553994948,-40.29794298,25.93592205,0.092760736,-38.51305666,-32.11536629,1.226878383,-45.12466258,28.82429448,1.146416456,-43.12122699,0,0.01254,0.022
30.76190595,-2.046914471,-41.80410408,-31.74006645,-4.443260867,-42.9894598,32.15079829,-1.466145671,-43.50947623,-28.52481987,-1.796413594,-43.32000149,-30.58806108,3.821252131,-39.08886372,27.68655658,2.585796239,-38.14868279,-35.87471223,-0.416729924,-30.70715166,35.14797347,-0.638833236,-37.7171692,-0.00625,0.05,0.015
1.973686893,-1.655667203,-38.9666755,-2.067443899,-1.244216619,-40.85995557,-4.607137762,-1.970058904,-38.12508408,3.926686097,-1.380673828,-40.23100911,-4.883904368,-2.18602613,-38.88700243,3.893178158,-1.550047898,-40.74494018,1.475674134,-1.880684019,-39.6932923,-2.298473391,-1.406844261,-41.39897683,-0.00625,0.075,0.022
35.54691136,1.141871166,-36.94243177,-35.21498836,0.786228052,-30.17651259,33.83618045,-3.605590226,-42.94121536,-29.54487519,-5.93301777,-41.55436852,-29.66894965,0.071186799,-40.41426909,26.08062725,0.444018405,-38.61280939,-32.5559816,4.105775333,-43.69288132,30.10987413,2.047519569,-42.57636979,-0.00625,0.025,0.021
35.84691231,1.086675728,-32.04536204,-37.54371992,0.819073509,-34.8438485,33.69693986,-4.798530546,-42.41194666,-30.29849014,-4.890650601,-42.13621836,-29.77595239,-0.061349693,-40.42883068,26.04592043,0.585445061,-38.6671026,-33.23413541,3.155842915,-44.12838617,30.00501084,3.177355718,-42.16607766,0,0.02504,0.018
33.61527542,-2.434587521,-39.19708589,-33.85271179,-5.898104033,-36.04810077,32.57082953,-2.289632555,-43.55691163,-28.73533155,-3.189776139,-43.27465409,-29.8594831,1.337309098,-40.40435322,26.48228038,1.258598747,-38.68948244,-34.41779794,5.758680329,-37.13133077,32.9148773,2.593590915,-40.17957838,-0.00625,0.0375,0.022
35.84691231,1.086675728,-32.04536204,-37.54371992,0.819073509,-34.8438485,33.69693986,-4.798530546,-42.41194666,-30.29849014,-4.890650601,-42.13621836,-29.77595239,-0.061349693,-40.42883068,26.04592043,0.585445061,-38.6671026,-33.23413541,3.155842915,-44.12838617,30.00501084,3.177355718,-42.16607766,0,0.02504,0.024
28.84350212,-0.103882628,-42.39879975,-30.83383165,-0.126304416,-44.5784308,31.93075561,-0.874792069,-43.34843096,-28.49717321,-0.871860976,-43.13681463,-35.82700135,-1.023561064,-35.60910564,30.45053246,-0.091623387,-23.68105648,-33.51615578,-3.840651259,-44.41636491,29.44056782,-6.27549061,-41.27482202,0.00625,0.075,0.012
28.84350212,-0.103882628,-42.39879975,-30.83383165,-0.126304416,-44.5784308,31.93075561,-0.874792069,-43.34843096,-28.49717321,-0.871860976,-43.13681463,-35.82700135,-1.023561064,-35.60910564,30.45053246,-0.091623387,-23.68105648,-33.51615578,-3.840651259,-44.41636491,29.44056782,-6.27549061,-41.27482202,0.00625,0.075,0.02
35.54691136,1.141871166,-36.94243177,-35.21498836,0.786228052,-30.17651259,33.83618045,-3.605590226,-42.94121536,-29.54487519,-5.93301777,-41.55436852,-29.66894965,0.071186799,-40.41426909,26.08062725,0.444018405,-38.61280939,-32.5559816,4.105775333,-43.69288132,30.10987413,2.047519569,-42.57636979,-0.00625,0.025,0.016
33.74723926,-4.296047471,-36.33380268,-35.51976265,-4.295061853,-38.84960274,32.47355929,-2.720647692,-43.57845721,-29.04346777,-2.812672232,-43.36839988,-30.13374233,0.99070703,-40.46824902,26.37853766,1.667323745,-38.67448456,-36.10807603,4.17851755,-39.74424218,33.14987428,4.409272855,-37.61041939,0,0.03754,0.026
33.2043279,1.017831993,-27.34251987,-37.08413502,0.863371607,-39.48333771,32.97587787,-5.852223628,-41.8864792,-30.44300685,-3.68575589,-42.68440715,-29.82768375,-0.206953761,-40.38763696,25.95675682,0.693872192,-38.67539567,-33.36600941,2.050929794,-44.54725359,29.33163448,4.106514526,-41.74664009,0.00625,0.025,0.025
1.973686893,-1.655667203,-38.9666755,-2.067443899,-1.244216619,-40.85995557,-4.607137762,-1.970058904,-38.12508408,3.926686097,-1.380673828,-40.23100911,-4.883904368,-2.18602613,-38.88700243,3.893178158,-1.550047898,-40.74494018,1.475674134,-1.880684019,-39.6932923,-2.298473391,-1.406844261,-41.39897683,-0.00625,0.075,0.017
33.61527542,-2.434587521,-39.19708589,-33.85271179,-5.898104033,-36.04810077,32.57082953,-2.289632555,-43.55691163,-28.73533155,-3.189776139,-43.27465409,-29.8594831,1.337309098,-40.40435322,26.48228038,1.258598747,-38.68948244,-34.41779794,5.758680329,-37.13133077,32.9148773,2.593590915,-40.17957838,-0.00625,0.0375,0.015
33.2043279,1.017831993,-27.34251987,-37.08413502,0.863371607,-39.48333771,32.97587787,-5.852223628,-41.8864792,-30.44300685,-3.68575589,-42.68440715,-29.82768375,-0.206953761,-40.38763696,25.95675682,0.693872192,-38.67539567,-33.36600941,2.050929794,-44.54725359,29.33163448,4.106514526,-41.74664009,0.00625,0.025,0.014
29.33325885,-1.095681144,-42.42959005,-31.19768009,-1.381200991,-44.65770121,32.00574899,-1.093954414,-43.4502905,-28.55415837,-1.145146874,-43.25037582,-34.05523504,3.774610978,-35.34684923,30.55968391,4.904237598,-32.98431723,-36.3424613,-5.742148458,-39.25612481,33.42859464,-6.04182749,-36.91496364,0,0.06254,0.022
33.2043279,1.017831993,-27.34251987,-37.08413502,0.863371607,-39.48333771,32.97587787,-5.852223628,-41.8864792,-30.44300685,-3.68575589,-42.68440715,-29.82768375,-0.206953761,-40.38763696,25.95675682,0.693872192,-38.67539567,-33.36600941,2.050929794,-44.54725359,29.33163448,4.106514526,-41.74664009,0.00625,0.025,0.023
29.33325885,-1.095681144,-42.42959005,-31.19768009,-1.381200991,-44.65770121,32.00574899,-1.093954414,-43.4502905,-28.55415837,-1.145146874,-43.25037582,-34.05523504,3.774610978,-35.34684923,30.55968391,4.904237598,-32.98431723,-36.3424613,-5.742148458,-39.25612481,33.42859464,-6.04182749,-36.91496364,0,0.06254,0.016
28.95102639,0.034602076,-42.39749223,-30.8052731,-0.27766574,-44.63004083,31.96337416,-0.850687442,-43.35579284,-28.5142194,-0.893738369,-43.17598941,-36.26689593,-1.024518649,-31.19075014,33.02134856,-0.183284862,-28.21558013,-33.42509606,-5.015022537,-43.97802167,30.18070917,-5.254732135,-41.86026139,0,0.07504,0.021
31.90099512,-5.962779576,-33.45334766,-35.306833,-2.523030288,-41.548488,32.20526786,-3.087242162,-43.54436984,-29.12687793,-2.364764987,-43.3366504,-30.21323849,0.574114777,-40.43846916,26.14126129,1.976160572,-38.68985798,-35.93644027,2.467549877,-42.22175257,31.47793585,6.01347761,-35.05515434,0.00625,0.0375,0.022
33.44291591,6.303976904,-36.6415157,-35.17104295,5.781017683,-39.15217611,36.74035366,-5.767679538,-37.52158787,-33.39929267,-5.676448935,-37.29942981,-29.66747023,-0.553994948,-40.29794298,25.93592205,0.092760736,-38.51305666,-32.11536629,1.226878383,-45.12466258,28.82429448,1.146416456,-43.12122699,0,0.01254,0.012
28.84350212,-0.103882628,-42.39879975,-30.83383165,-0.126304416,-44.5784308,31.93075561,-0.874792069,-43.34843096,-28.49717321,-0.871860976,-43.13681463,-35.82700135,-1.023561064,-35.60910564,30.45053246,-0.091623387,-23.68105648,-33.51615578,-3.840651259,-44.41636491,29.44056782,-6.27549061,-41.27482202,0.00625,0.075,0.021
33.61527542,-2.434587521,-39.19708589,-33.85271179,-5.898104033,-36.04810077,32.57082953,-2.289632555,-43.55691163,-28.73533155,-3.189776139,-43.27465409,-29.8594831,1.337309098,-40.40435322,26.48228038,1.258598747,-38.68948244,-34.41779794,5.758680329,-37.13133077,32.9148773,2.593590915,-40.17957838,-0.00625,0.0375,0.021
31.72107234,7.833831368,-33.96490993,-35.05316567,4.114112869,-41.7178524,35.01734379,-7.404005415,-34.51813048,-33.27532962,-3.939223554,-40.14806864,-29.7088146,-0.609325641,-40.29864982,25.91484223,0.131627413,-38.53481565,-32.23209211,0.810133067,-45.12916367,28.58441986,1.468062789,-43.09596409,0.00625,0.01254,0.017
29.85607034,-4.285265547,-40.77461462,-32.54717863,-2.229389745,-44.00245062,32.0202534,-1.737303729,-43.58212311,-28.71164802,-1.524596722,-43.3241765,-31.35707037,1.783115992,-39.92824149,26.83321894,4.615686489,-37.2640479,-37.89616449,-0.63521565,-39.96606187,33.16278933,-0.352914426,-28.27591782,0.00625,0.05,0.015
28.95102639,0.034602076,-42.39749223,-30.8052731,-0.27766574,-44.63004083,31.96337416,-0.850687442,-43.35579284,-28.5142194,-0.893738369,-43.17598941,-36.26689593,-1.024518649,-31.19075014,33.02134856,-0.183284862,-28.21558013,-33.42509606,-5.015022537,-43.97802167,30.18070917,-5.254732135,-41.86026139,0,0.07504,0.017
31.72107234,7.833831368,-33.96490993,-35.05316567,4.114112869,-41.7178524,35.01734379,-7.404005415,-34.51813048,-33.27532962,-3.939223554,-40.14806864,-29.7088146,-0.609325641,-40.29864982,25.91484223,0.131627413,-38.53481565,-32.23209211,0.810133067,-45.12916367,28.58441986,1.468062789,-43.09596409,0.00625,0.01254,0.024
28.95102639,0.034602076,-42.39749223,-30.8052731,-0.27766574,-44.63004083,31.96337416,-0.850687442,-43.35579284,-28.5142194,-0.893738369,-43.17598941,-36.26689593,-1.024518649,-31.19075014,33.02134856,-0.183284862,-28.21558013,-33.42509606,-5.015022537,-43.97802167,30.18070917,-5.254732135,-41.86026139,0,0.07504,0.015
29.33325885,-1.095681144,-42.42959005,-31.19768009,-1.381200991,-44.65770121,32.00574899,-1.093954414,-43.4502905,-28.55415837,-1.145146874,-43.25037582,-34.05523504,3.774610978,-35.34684923,30.55968391,4.904237598,-32.98431723,-36.3424613,-5.742148458,-39.25612481,33.42859464,-6.04182749,-36.91496364,0,0.06254,0.015
33.35344097,4.557768822,-39.36016634,-33.57532664,7.283928434,-36.55122314,36.61259851,-3.958929076,-40.42955053,-31.65736581,-7.19665272,-34.39481993,-29.62432939,-0.497266217,-40.28077111,25.9640116,0.040711554,-38.50039787,-31.85922941,1.566111354,-45.0881228,28.88633622,0.72777678,-43.06229946,-0.00625,0.0125,0.025
35.84691231,1.086675728,-32.04536204,-37.54371992,0.819073509,-34.8438485,33.69693986,-4.798530546,-42.41194666,-30.29849014,-4.890650601,-42.13621836,-29.77595239,-0.061349693,-40.42883068,26.04592043,0.585445061,-38.6671026,-33.23413541,3.155842915,-44.12838617,30.00501084,3.177355718,-42.16607766,0,0.02504,0.02
35.84691231,1.086675728,-32.04536204,-37.54371992,0.819073509,-34.8438485,33.69693986,-4.798530546,-42.41194666,-30.29849014,-4.890650601,-42.13621836,-29.77595239,-0.061349693,-40.42883068,26.04592043,0.585445061,-38.6671026,-33.23413541,3.155842915,-44.12838617,30.00501084,3.177355718,-42.16607766,0,0.02504,0.019
33.74723926,-4.296047471,-36.33380268,-35.51976265,-4.295061853,-38.84960274,32.47355929,-2.720647692,-43.57845721,-29.04346777,-2.812672232,-43.36839988,-30.13374233,0.99070703,-40.46824902,26.37853766,1.667323745,-38.67448456,-36.10807603,4.17851755,-39.74424218,33.14987428,4.409272855,-37.61041939,0,0.03754,0.015
31.72107234,7.833831368,-33.96490993,-35.05316567,4.114112869,-41.7178524,35.01734379,-7.404005415,-34.51813048,-33.27532962,-3.939223554,-40.14806864,-29.7088146,-0.609325641,-40.29864982,25.91484223,0.131627413,-38.53481565,-32.23209211,0.810133067,-45.12916367,28.58441986,1.468062789,-43.09596409,0.00625,0.01254,0.026
29.33325885,-1.095681144,-42.42959005,-31.19768009,-1.381200991,-44.65770121,32.00574899,-1.093954414,-43.4502905,-28.55415837,-1.145146874,-43.25037582,-34.05523504,3.774610978,-35.34684923,30.55968391,4.904237598,-32.98431723,-36.3424613,-5.742148458,-39.25612481,33.42859464,-6.04182749,-36.91496364,0,0.06254,0.017
30.76190595,-2.046914471,-41.80410408,-31.74006645,-4.443260867,-42.9894598,32.15079829,-1.466145671,-43.50947623,-28.52481987,-1.796413594,-43.32000149,-30.58806108,3.821252131,-39.08886372,27.68655658,2.585796239,-38.14868279,-35.87471223,-0.416729924,-30.70715166,35.14797347,-0.638833236,-37.7171692,-0.00625,0.05,0.012
31.90099512,-5.962779576,-33.45334766,-35.306833,-2.523030288,-41.548488,32.20526786,-3.087242162,-43.54436984,-29.12687793,-2.364764987,-43.3366504,-30.21323849,0.574114777,-40.43846916,26.14126129,1.976160572,-38.68985798,-35.93644027,2.467549877,-42.22175257,31.47793585,6.01347761,-35.05515434,0.00625,0.0375,0.014
31.90099512,-5.962779576,-33.45334766,-35.306833,-2.523030288,-41.548488,32.20526786,-3.087242162,-43.54436984,-29.12687793,-2.364764987,-43.3366504,-30.21323849,0.574114777,-40.43846916,26.14126129,1.976160572,-38.68985798,-35.93644027,2.467549877,-42.22175257,31.47793585,6.01347761,-35.05515434,0.00625,0.0375,0.016
29.06059965,-1.468921284,-42.39274381,-31.27693905,-0.944650653,-44.62594957,31.95888224,-1.143489047,-43.44835279,-28.55694559,-1.0894667,-43.21719522,-33.88730119,2.120910822,-37.73882147,28.83764448,6.433428852,-30.45742062,-36.19990576,-4.039550359,-41.95719945,31.6875589,-7.530578687,-34.00125969,0.00625,0.0625,0.026
31.90099512,-5.962779576,-33.45334766,-35.306833,-2.523030288,-41.548488,32.20526786,-3.087242162,-43.54436984,-29.12687793,-2.364764987,-43.3366504,-30.21323849,0.574114777,-40.43846916,26.14126129,1.976160572,-38.68985798,-35.93644027,2.467549877,-42.22175257,31.47793585,6.01347761,-35.05515434,0.00625,0.0375,0.024
29.33325885,-1.095681144,-42.42959005,-31.19768009,-1.381200991,-44.65770121,32.00574899,-1.093954414,-43.4502905,-28.55415837,-1.145146874,-43.25037582,-34.05523504,3.774610978,-35.34684923,30.55968391,4.904237598,-32.98431723,-36.3424613,-5.742148458,-39.25612481,33.42859464,-6.04182749,-36.91496364,0,0.06254,0.013
30.76190595,-2.046914471,-41.80410408,-31.74006645,-4.443260867,-42.9894598,32.15079829,-1.466145671,-43.50947623,-28.52481987,-1.796413594,-43.32000149,-30.58806108,3.821252131,-39.08886372,27.68655658,2.585796239,-38.14868279,-35.87471223,-0.416729924,-30.70715166,35.14797347,-0.638833236,-37.7171692,-0.00625,0.05,0.019
29.43037739,-0.679093159,-42.40995685,-30.91556834,-1.746695238,-44.59433861,32.02236769,-1.046271563,-43.41431101,-28.47404624,-1.185193883,-43.21507617,-32.54516101,5.303666305,-32.81554975,30.45028914,3.129597558,-35.65646129,-34.64551227,-7.232277571,-36.4218354,33.20720932,-4.292580307,-39.77469888,-0.00625,0.0625,0.026
28.95102639,0.034602076,-42.39749223,-30.8052731,-0.27766574,-44.63004083,31.96337416,-0.850687442,-43.35579284,-28.5142194,-0.893738369,-43.17598941,-36.26689593,-1.024518649,-31.19075014,33.02134856,-0.183284862,-28.21558013,-33.42509606,-5.015022537,-43.97802167,30.18070917,-5.254732135,-41.86026139,0,0.07504,0.012
29.06059965,-1.468921284,-42.39274381,-31.27693905,-0.944650653,-44.62594957,31.95888224,-1.143489047,-43.44835279,-28.55694559,-1.0894667,-43.21719522,-33.88730119,2.120910822,-37.73882147,28.83764448,6.433428852,-30.45742062,-36.19990576,-4.039550359,-41.95719945,31.6875589,-7.530578687,-34.00125969,0.00625,0.0625,0.021
33.35344097,4.557768822,-39.36016634,-33.57532664,7.283928434,-36.55122314,36.61259851,-3.958929076,-40.42955053,-31.65736581,-7.19665272,-34.39481993,-29.62432939,-0.497266217,-40.28077111,25.9640116,0.040711554,-38.50039787,-31.85922941,1.566111354,-45.0881228,28.88633622,0.72777678,-43.06229946,-0.00625,0.0125,0.016
35.84691231,1.086675728,-32.04536204,-37.54371992,0.819073509,-34.8438485,33.69693986,-4.798530546,-42.41194666,-30.29849014,-4.890650601,-42.13621836,-29.77595239,-0.061349693,-40.42883068,26.04592043,0.585445061,-38.6671026,-33.23413541,3.155842915,-44.12838617,30.00501084,3.177355718,-42.16607766,0,0.02504,0.025
30.76190595,-2.046914471,-41.80410408,-31.74006645,-4.443260867,-42.9894598,32.15079829,-1.466145671,-43.50947623,-28.52481987,-1.796413594,-43.32000149,-30.58806108,3.821252131,-39.08886372,27.68655658,2.585796239,-38.14868279,-35.87471223,-0.416729924,-30.70715166,35.14797347,-0.638833236,-37.7171692,-0.00625,0.05,0.022
33.74723926,-4.296047471,-36.33380268,-35.51976265,-4.295061853,-38.84960274,32.47355929,-2.720647692,-43.57845721,-29.04346777,-2.812672232,-43.36839988,-30.13374233,0.99070703,-40.46824902,26.37853766,1.667323745,-38.67448456,-36.10807603,4.17851755,-39.74424218,33.14987428,4.409272855,-37.61041939,0,0.03754,0.013
29.85607034,-4.285265547,-40.77461462,-32.54717863,-2.229389745,-44.00245062,32.0202534,-1.737303729,-43.58212311,-28.71164802,-1.524596722,-43.3241765,-31.35707037,1.783115992,-39.92824149,26.83321894,4.615686489,-37.2640479,-37.89616449,-0.63521565,-39.96606187,33.16278933,-0.352914426,-28.27591782,0.00625,0.05,0.017
35.84691231,1.086675728,-32.04536204,-37.54371992,0.819073509,-34.8438485,33.69693986,-4.798530546,-42.41194666,-30.29849014,-4.890650601,-42.13621836,-29.77595239,-0.061349693,-40.42883068,26.04592043,0.585445061,-38.6671026,-33.23413541,3.155842915,-44.12838617,30.00501084,3.177355718,-42.16607766,0,0.02504,0.022
35.54691136,1.141871166,-36.94243177,-35.21498836,0.786228052,-30.17651259,33.83618045,-3.605590226,-42.94121536,-29.54487519,-5.93301777,-41.55436852,-29.66894965,0.071186799,-40.41426909,26.08062725,0.444018405,-38.61280939,-32.5559816,4.105775333,-43.69288132,30.10987413,2.047519569,-42.57636979,-0.00625,0.025,0.025
30.60775883,-3.233029617,-41.29365171,-32.45334281,-3.391083624,-43.53781026,32.11838341,-1.612041738,-43.57753047,-28.67190316,-1.675772659,-43.37719313,-31.24154581,2.888016139,-39.51221206,27.55778612,3.710994989,-37.69067187,-38.2731963,-0.566881088,-35.40037703,35.64298117,-0.515304351,-32.94007243,0,0.05004,0.015
33.44291591,6.303976904,-36.6415157,-35.17104295,5.781017683,-39.15217611,36.74035366,-5.767679538,-37.52158787,-33.39929267,-5.676448935,-37.29942981,-29.66747023,-0.553994948,-40.29794298,25.93592205,0.092760736,-38.51305666,-32.11536629,1.226878383,-45.12466258,28.82429448,1.146416456,-43.12122699,0,0.01254,0.021
33.61527542,-2.434587521,-39.19708589,-33.85271179,-5.898104033,-36.04810077,32.57082953,-2.289632555,-43.55691163,-28.73533155,-3.189776139,-43.27465409,-29.8594831,1.337309098,-40.40435322,26.48228038,1.258598747,-38.68948244,-34.41779794,5.758680329,-37.13133077,32.9148773,2.593590915,-40.17957838,-0.00625,0.0375,0.016
33.35344097,4.557768822,-39.36016634,-33.57532664,7.283928434,-36.55122314,36.61259851,-3.958929076,-40.42955053,-31.65736581,-7.19665272,-34.39481993,-29.62432939,-0.497266217,-40.28077111,25.9640116,0.040711554,-38.50039787,-31.85922941,1.566111354,-45.0881228,28.88633622,0.72777678,-43.06229946,-0.00625,0.0125,0.015
33.74723926,-4.296047471,-36.33380268,-35.51976265,-4.295061853,-38.84960274,32.47355929,-2.720647692,-43.57845721,-29.04346777,-2.812672232,-43.36839988,-30.13374233,0.99070703,-40.46824902,26.37853766,1.667323745,-38.67448456,-36.10807603,4.17851755,-39.74424218,33.14987428,4.409272855,-37.61041939,0,0.03754,0.018
35.54691136,1.141871166,-36.94243177,-35.21498836,0.786228052,-30.17651259,33.83618045,-3.605590226,-42.94121536,-29.54487519,-5.93301777,-41.55436852,-29.66894965,0.071186799,-40.41426909,26.08062725,0.444018405,-38.61280939,-32.5559816,4.105775333,-43.69288132,30.10987413,2.047519569,-42.57636979,-0.00625,0.025,0.022
29.06059965,-1.468921284,-42.39274381,-31.27693905,-0.944650653,-44.62594957,31.95888224,-1.143489047,-43.44835279,-28.55694559,-1.0894667,-43.21719522,-33.88730119,2.120910822,-37.73882147,28.83764448,6.433428852,-30.45742062,-36.19990576,-4.039550359,-41.95719945,31.6875589,-7.530578687,-34.00125969,0.00625,0.0625,0.025
1.973686893,-1.655667203,-38.9666755,-2.067443899,-1.244216619,-40.85995557,-4.607137762,-1.970058904,-38.12508408,3.926686097,-1.380673828,-40.23100911,-4.883904368,-2.18602613,-38.88700243,3.893178158,-1.550047898,-40.74494018,1.475674134,-1.880684019,-39.6932923,-2.298473391,-1.406844261,-41.39897683,-0.00625,0.075,0.024
35.54691136,1.141871166,-36.94243177,-35.21498836,0.786228052,-30.17651259,33.83618045,-3.605590226,-42.94121536,-29.54487519,-5.93301777,-41.55436852,-29.66894965,0.071186799,-40.41426909,26.08062725,0.444018405,-38.61280939,-32.5559816,4.105775333,-43.69288132,30.10987413,2.047519569,-42.57636979,-0.00625,0.025,0.02
29.06059965,-1.468921284,-42.39274381,-31.27693905,-0.944650653,-44.62594957,31.95888224,-1.143489047,-43.44835279,-28.55694559,-1.0894667,-43.21719522,-33.88730119,2.120910822,-37.73882147,28.83764448,6.433428852,-30.45742062,-36.19990576,-4.039550359,-41.95719945,31.6875589,-7.530578687,-34.00125969,0.00625,0.0625,0.022
33.74723926,-4.296047471,-36.33380268,-35.51976265,-4.295061853,-38.84960274,32.47355929,-2.720647692,-43.57845721,-29.04346777,-2.812672232,-43.36839988,-30.13374233,0.99070703,-40.46824902,26.37853766,1.667323745,-38.67448456,-36.10807603,4.17851755,-39.74424218,33.14987428,4.409272855,-37.61041939,0,0.03754,0.019
29.33325885,-1.095681144,-42.42959005,-31.19768009,-1.381200991,-44.65770121,32.00574899,-1.093954414,-43.4502905,-28.55415837,-1.145146874,-43.25037582,-34.05523504,3.774610978,-35.34684923,30.55968391,4.904237598,-32.98431723,-36.3424613,-5.742148458,-39.25612481,33.42859464,-6.04182749,-36.91496364,0,0.06254,0.012
1.973686893,-1.655667203,-38.9666755,-2.067443899,-1.244216619,-40.85995557,-4.607137762,-1.970058904,-38.12508408,3.926686097,-1.380673828,-40.23100911,-4.883904368,-2.18602613,-38.88700243,3.893178158,-1.550047898,-40.74494018,1.475674134,-1.880684019,-39.6932923,-2.298473391,-1.406844261,-41.39897683,-0.00625,0.075,0.023
35.54691136,1.141871166,-36.94243177,-35.21498836,0.786228052,-30.17651259,33.83618045,-3.605590226,-42.94121536,-29.54487519,-5.93301777,-41.55436852,-29.66894965,0.071186799,-40.41426909,26.08062725,0.444018405,-38.61280939,-32.5559816,4.105775333,-43.69288132,30.10987413,2.047519569,-42.57636979,-0.00625,0.025,0.024
33.74723926,-4.296047471,-36.33380268,-35.51976265,-4.295061853,-38.84960274,32.47355929,-2.720647692,-43.57845721,-29.04346777,-2.812672232,-43.36839988,-30.13374233,0.99070703,-40.46824902,26.37853766,1.667323745,-38.67448456,-36.10807603,4.17851755,-39.74424218,33.14987428,4.409272855,-37.61041939,0,0.03754,0.014
33.61527542,-2.434587521,-39.19708589,-33.85271179,-5.898104033,-36.04810077,32.57082953,-2.289632555,-43.55691163,-28.73533155,-3.189776139,-43.27465409,-29.8594831,1.337309098,-40.40435322,26.48228038,1.258598747,-38.68948244,-34.41779794,5.758680329,-37.13133077,32.9148773,2.593590915,-40.17957838,-0.00625,0.0375,0.014
30.60775883,-3.233029617,-41.29365171,-32.45334281,-3.391083624,-43.53781026,32.11838341,-1.612041738,-43.57753047,-28.67190316,-1.675772659,-43.37719313,-31.24154581,2.888016139,-39.51221206,27.55778612,3.710994989,-37.69067187,-38.2731963,-0.566881088,-35.40037703,35.64298117,-0.515304351,-32.94007243,0,0.05004,0.018
35.54691136,1.141871166,-36.94243177,-35.21498836,0.786228052,-30.17651259,33.83618045,-3.605590226,-42.94121536,-29.54487519,-5.93301777,-41.55436852,-29.66894965,0.071186799,-40.41426909,26.08062725,0.444018405,-38.61280939,-32.5559816,4.105775333,-43.69288132,30.10987413,2.047519569,-42.57636979,-0.00625,0.025,0.026
29.85607034,-4.285265547,-40.77461462,-32.54717863,-2.229389745,-44.00245062,32.0202534,-1.737303729,-43.58212311,-28.71164802,-1.524596722,-43.3241765,-31.35707037,1.783115992,-39.92824149,26.83321894,4.615686489,-37.2640479,-37.89616449,-0.63521565,-39.96606187,33.16278933,-0.352914426,-28.27591782,0.00625,0.05,0.025
28.95102639,0.034602076,-42.39749223,-30.8052731,-0.27766574,-44.63004083,31.96337416,-0.850687442,-43.35579284,-28.5142194,-0.893738369,-43.17598941,-36.26689593,-1.024518649,-31.19075014,33.02134856,-0.183284862,-28.21558013,-33.42509606,-5.015022537,-43.97802167,30.18070917,-5.254732135,-41.86026139,0,0.07504,0.026
35.84691231,1.086675728,-32.04536204,-37.54371992,0.819073509,-34.8438485,33.69693986,-4.798530546,-42.41194666,-30.29849014,-4.890650601,-42.13621836,-29.77595239,-0.061349693,-40.42883068,26.04592043,0.585445061,-38.6671026,-33.23413541,3.155842915,-44.12838617,30.00501084,3.177355718,-42.16607766,0,0.02504,0.023
33.35344097,4.557768822,-39.36016634,-33.57532664,7.283928434,-36.55122314,36.61259851,-3.958929076,-40.42955053,-31.65736581,-7.19665272,-34.39481993,-29.62432939,-0.497266217,-40.28077111,25.9640116,0.040711554,-38.50039787,-31.85922941,1.566111354,-45.0881228,28.88633622,0.72777678,-43.06229946,-0.00625,0.0125,0.019
29.33325885,-1.095681144,-42.42959005,-31.19768009,-1.381200991,-44.65770121,32.00574899,-1.093954414,-43.4502905,-28.55415837,-1.145146874,-43.25037582,-34.05523504,3.774610978,-35.34684923,30.55968391,4.904237598,-32.98431723,-36.3424613,-5.742148458,-39.25612481,33.42859464,-6.04182749,-36.91496364,0,0.06254,0.023
33.2043279,1.017831993,-27.34251987,-37.08413502,0.863371607,-39.48333771,32.97587787,-5.852223628,-41.8864792,-30.44300685,-3.68575589,-42.68440715,-29.82768375,-0.206953761,-40.38763696,25.95675682,0.693872192,-38.67539567,-33.36600941,2.050929794,-44.54725359,29.33163448,4.106514526,-41.74664009,0.00625,0.025,0.02
31.72107234,7.833831368,-33.96490993,-35.05316567,4.114112869,-41.7178524,35.01734379,-7.404005415,-34.51813048,-33.27532962,-3.939223554,-40.14806864,-29.7088146,-0.609325641,-40.29864982,25.91484223,0.131627413,-38.53481565,-32.23209211,0.810133067,-45.12916367,28.58441986,1.468062789,-43.09596409,0.00625,0.01254,0.014
30.60775883,-3.233029617,-41.29365171,-32.45334281,-3.391083624,-43.53781026,32.11838341,-1.612041738,-43.57753047,-28.67190316,-1.675772659,-43.37719313,-31.24154581,2.888016139,-39.51221206,27.55778612,3.710994989,-37.69067187,-38.2731963,-0.566881088,-35.40037703,35.64298117,-0.515304351,-32.94007243,0,0.05004,0.014
35.84691231,1.086675728,-32.04536204,-37.54371992,0.819073509,-34.8438485,33.69693986,-4.798530546,-42.41194666,-30.29849014,-4.890650601,-42.13621836,-29.77595239,-0.061349693,-40.42883068,26.04592043,0.585445061,-38.6671026,-33.23413541,3.155842915,-44.12838617,30.00501084,3.177355718,-42.16607766,0,0.02504,0.021
28.84350212,-0.103882628,-42.39879975,-30.83383165,-0.126304416,-44.5784308,31.93075561,-0.874792069,-43.34843096,-28.49717321,-0.871860976,-43.13681463,-35.82700135,-1.023561064,-35.60910564,30.45053246,-0.091623387,-23.68105648,-33.51615578,-3.840651259,-44.41636491,29.44056782,-6.27549061,-41.27482202,0.00625,0.075,0.016
29.85607034,-4.285265547,-40.77461462,-32.54717863,-2.229389745,-44.00245062,32.0202534,-1.737303729,-43.58212311,-28.71164802,-1.524596722,-43.3241765,-31.35707037,1.783115992,-39.92824149,26.83321894,4.615686489,-37.2640479,-37.89616449,-0.63521565,-39.96606187,33.16278933,-0.352914426,-28.27591782,0.00625,0.05,0.02
29.85607034,-4.285265547,-40.77461462,-32.54717863,-2.229389745,-44.00245062,32.0202534,-1.737303729,-43.58212311,-28.71164802,-1.524596722,-43.3241765,-31.35707037,1.783115992,-39.92824149,26.83321894,4.615686489,-37.2640479,-37.89616449,-0.63521565,-39.96606187,33.16278933,-0.352914426,-28.27591782,0.00625,0.05,0.012
1.973686893,-1.655667203,-38.9666755,-2.067443899,-1.244216619,-40.85995557,-4.607137762,-1.970058904,-38.12508408,3.926686097,-1.380673828,-40.23100911,-4.883904368,-2.18602613,-38.88700243,3.893178158,-1.550047898,-40.74494018,1.475674134,-1.880684019,-39.6932923,-2.298473391,-1.406844261,-41.39897683,-0.00625,0.075,0.019
28.84350212,-0.103882628,-42.39879975,-30.83383165,-0.126304416,-44.5784308,31.93075561,-0.874792069,-43.34843096,-28.49717321,-0.871860976,-43.13681463,-35.82700135,-1.023561064,-35.60910564,30.45053246,-0.091623387,-23.68105648,-33.51615578,-3.840651259,-44.41636491,29.44056782,-6.27549061,-41.27482202,0.00625,0.075,0.017
33.74723926,-4.296047471,-36.33380268,-35.51976265,-4.295061853,-38.84960274,32.47355929,-2.720647692,-43.57845721,-29.04346777,-2.812672232,-43.36839988,-30.13374233,0.99070703,-40.46824902,26.37853766,1.667323745,-38.67448456,-36.10807603,4.17851755,-39.74424218,33.14987428,4.409272855,-37.61041939,0,0.03754,0.017
33.2043279,1.017831993,-27.34251987,-37.08413502,0.863371607,-39.48333771,32.97587787,-5.852223628,-41.8864792,-30.44300685,-3.68575589,-42.68440715,-29.82768375,-0.206953761,-40.38763696,25.95675682,0.693872192,-38.67539567,-33.36600941,2.050929794,-44.54725359,29.33163448,4.106514526,-41.74664009,0.00625,0.025,0.018
28.95102639,0.034602076,-42.39749223,-30.8052731,-0.27766574,-44.63004083,31.96337416,-0.850687442,-43.35579284,-28.5142194,-0.893738369,-43.17598941,-36.26689593,-1.024518649,-31.19075014,33.02134856,-0.183284862,-28.21558013,-33.42509606,-5.015022537,-43.97802167,30.18070917,-5.254732135,-41.86026139,0,0.07504,0.023
1.973686893,-1.655667203,-38.9666755,-2.067443899,-1.244216619,-40.85995557,-4.607137762,-1.970058904,-38.12508408,3.926686097,-1.380673828,-40.23100911,-4.883904368,-2.18602613,-38.88700243,3.893178158,-1.550047898,-40.74494018,1.475674134,-1.880684019,-39.6932923,-2.298473391,-1.406844261,-41.39897683,-0.00625,0.075,0.018
29.33325885,-1.095681144,-42.42959005,-31.19768009,-1.381200991,-44.65770121,32.00574899,-1.093954414,-43.4502905,-28.55415837,-1.145146874,-43.25037582,-34.05523504,3.774610978,-35.34684923,30.55968391,4.904237598,-32.98431723,-36.3424613,-5.742148458,-39.25612481,33.42859464,-6.04182749,-36.91496364,0,0.06254,0.025
35.54691136,1.141871166,-36.94243177,-35.21498836,0.786228052,-30.17651259,33.83618045,-3.605590226,-42.94121536,-29.54487519,-5.93301777,-41.55436852,-29.66894965,0.071186799,-40.41426909,26.08062725,0.444018405,-38.61280939,-32.5559816,4.105775333,-43.69288132,30.10987413,2.047519569,-42.57636979,-0.00625,0.025,0.018
33.44291591,6.303976904,-36.6415157,-35.17104295,5.781017683,-39.15217611,36.74035366,-5.767679538,-37.52158787,-33.39929267,-5.676448935,-37.29942981,-29.66747023,-0.553994948,-40.29794298,25.93592205,0.092760736,-38.51305666,-32.11536629,1.226878383,-45.12466258,28.82429448,1.146416456,-43.12122699,0,0.01254,0.024
29.43037739,-0.679093159,-42.40995685,-30.91556834,-1.746695238,-44.59433861,32.02236769,-1.046271563,-43.41431101,-28.47404624,-1.185193883,-43.21507617,-32.54516101,5.303666305,-32.81554975,30.45028914,3.129597558,-35.65646129,-34.64551227,-7.232277571,-36.4218354,33.20720932,-4.292580307,-39.77469888,-0.00625,0.0625,0.023
29.06059965,-1.468921284,-42.39274381,-31.27693905,-0.944650653,-44.62594957,31.95888224,-1.143489047,-43.44835279,-28.55694559,-1.0894667,-43.21719522,-33.88730119,2.120910822,-37.73882147,28.83764448,6.433428852,-30.45742062,-36.19990576,-4.039550359,-41.95719945,31.6875589,-7.530578687,-34.00125969,0.00625,0.0625,0.013
1.973686893,-1.655667203,-38.9666755,-2.067443899,-1.244216619,-40.85995557,-4.607137762,-1.970058904,-38.12508408,3.926686097,-1.380673828,-40.23100911,-4.883904368,-2.18602613,-38.88700243,3.893178158,-1.550047898,-40.74494018,1.475674134,-1.880684019,-39.6932923,-2.298473391,-1.406844261,-41.39897683,-0.00625,0.075,0.013
31.90099512,-5.962779576,-33.45334766,-35.306833,-2.523030288,-41.548488,32.20526786,-3.087242162,-43.54436984,-29.12687793,-2.364764987,-43.3366504,-30.21323849,0.574114777,-40.43846916,26.14126129,1.976160572,-38.68985798,-35.93644027,2.467549877,-42.22175257,31.47793585,6.01347761,-35.05515434,0.00625,0.0375,0.025
28.95102639,0.034602076,-42.39749223,-30.8052731,-0.27766574,-44.63004083,31.96337416,-0.850687442,-43.35579284,-28.5142194,-0.893738369,-43.17598941,-36.26689593,-1.024518649,-31.19075014,33.02134856,-0.183284862,-28.21558013,-33.42509606,-5.015022537,-43.97802167,30.18070917,-5.254732135,-41.86026139,0,0.07504,0.018
33.2043279,1.017831993,-27.34251987,-37.08413502,0.863371607,-39.48333771,32.97587787,-5.852223628,-41.8864792,-30.44300685,-3.68575589,-42.68440715,-29.82768375,-0.206953761,-40.38763696,25.95675682,0.693872192,-38.67539567,-33.36600941,2.050929794,-44.54725359,29.33163448,4.106514526,-41.74664009,0.00625,0.025,0.012
29.33325885,-1.095681144,-42.42959005,-31.19768009,-1.381200991,-44.65770121,32.00574899,-1.093954414,-43.4502905,-28.55415837,-1.145146874,-43.25037582,-34.05523504,3.774610978,-35.34684923,30.55968391,4.904237598,-32.98431723,-36.3424613,-5.742148458,-39.25612481,33.42859464,-6.04182749,-36.91496364,0,0.06254,0.02
33.61527542,-2.434587521,-39.19708589,-33.85271179,-5.898104033,-36.04810077,32.57082953,-2.289632555,-43.55691163,-28.73533155,-3.189776139,-43.27465409,-29.8594831,1.337309098,-40.40435322,26.48228038,1.258598747,-38.68948244,-34.41779794,5.758680329,-37.13133077,32.9148773,2.593590915,-40.17957838,-0.00625,0.0375,0.018
31.72107234,7.833831368,-33.96490993,-35.05316567,4.114112869,-41.7178524,35.01734379,-7.404005415,-34.51813048,-33.27532962,-3.939223554,-40.14806864,-29.7088146,-0.609325641,-40.29864982,25.91484223,0.131627413,-38.53481565,-32.23209211,0.810133067,-45.12916367,28.58441986,1.468062789,-43.09596409,0.00625,0.01254,0.018
1.973686893,-1.655667203,-38.9666755,-2.067443899,-1.244216619,-40.85995557,-4.607137762,-1.970058904,-38.12508408,3.926686097,-1.380673828,-40.23100911,-4.883904368,-2.18602613,-38.88700243,3.893178158,-1.550047898,-40.74494018,1.475674134,-1.880684019,-39.6932923,-2.298473391,-1.406844261,-41.39897683,-0.00625,0.075,0.014
31.90099512,-5.962779576,-33.45334766,-35.306833,-2.523030288,-41.548488,32.20526786,-3.087242162,-43.54436984,-29.12687793,-2.364764987,-43.3366504,-30.21323849,0.574114777,-40.43846916,26.14126129,1.976160572,-38.68985798,-35.93644027,2.467549877,-42.22175257,31.47793585,6.01347761,-35.05515434,0.00625,0.0375,0.026
29.33325885,-1.095681144,-42.42959005,-31.19768009,-1.381200991,-44.65770121,32.00574899,-1.093954414,-43.4502905,-28.55415837,-1.145146874,-43.25037582,-34.05523504,3.774610978,-35.34684923,30.55968391,4.904237598,-32.98431723,-36.3424613,-5.742148458,-39.25612481,33.42859464,-6.04182749,-36.91496364,0,0.06254,0.014
33.61527542,-2.434587521,-39.19708589,-33.85271179,-5.898104033,-36.04810077,32.57082953,-2.289632555,-43.55691163,-28.73533155,-3.189776139,-43.27465409,-29.8594831,1.337309098,-40.40435322,26.48228038,1.258598747,-38.68948244,-34.41779794,5.758680329,-37.13133077,32.9148773,2.593590915,-40.17957838,-0.00625,0.0375,0.017
29.85607034,-4.285265547,-40.77461462,-32.54717863,-2.229389745,-44.00245062,32.0202534,-1.737303729,-43.58212311,-28.71164802,-1.524596722,-43.3241765,-31.35707037,1.783115992,-39.92824149,26.83321894,4.615686489,-37.2640479,-37.89616449,-0.63521565,-39.96606187,33.16278933,-0.352914426,-28.27591782,0.00625,0.05,0.023
29.43037739,-0.679093159,-42.40995685,-30.91556834,-1.746695238,-44.59433861,32.02236769,-1.046271563,-43.41431101,-28.47404624,-1.185193883,-43.21507617,-32.54516101,5.303666305,-32.81554975,30.45028914,3.129597558,-35.65646129,-34.64551227,-7.232277571,-36.4218354,33.20720932,-4.292580307,-39.77469888,-0.00625,0.0625,0.021
28.84350212,-0.103882628,-42.39879975,-30.83383165,-0.126304416,-44.5784308,31.93075561,-0.874792069,-43.34843096,-28.49717321,-0.871860976,-43.13681463,-35.82700135,-1.023561064,-35.60910564,30.45053246,-0.091623387,-23.68105648,-33.51615578,-3.840651259,-44.41636491,29.44056782,-6.27549061,-41.27482202,0.00625,0.075,0.015
33.2043279,1.017831993,-27.34251987,-37.08413502,0.863371607,-39.48333771,32.97587787,-5.852223628,-41.8864792,-30.44300685,-3.68575589,-42.68440715,-29.82768375,-0.206953761,-40.38763696,25.95675682,0.693872192,-38.67539567,-33.36600941,2.050929794,-44.54725359,29.33163448,4.106514526,-41.74664009,0.00625,0.025,0.019
28.84350212,-0.103882628,-42.39879975,-30.83383165,-0.126304416,-44.5784308,31.93075561,-0.874792069,-43.34843096,-28.49717321,-0.871860976,-43.13681463,-35.82700135,-1.023561064,-35.60910564,30.45053246,-0.091623387,-23.68105648,-33.51615578,-3.840651259,-44.41636491,29.44056782,-6.27549061,-41.27482202,0.00625,0.075,0.014
33.61527542,-2.434587521,-39.19708589,-33.85271179,-5.898104033,-36.04810077,32.57082953,-2.289632555,-43.55691163,-28.73533155,-3.189776139,-43.27465409,-29.8594831,1.337309098,-40.40435322,26.48228038,1.258598747,-38.68948244,-34.41779794,5.758680329,-37.13133077,32.9148773,2.593590915,-40.17957838,-0.00625,0.0375,0.025
30.60775883,-3.233029617,-41.29365171,-32.45334281,-3.391083624,-43.53781026,32.11838341,-1.612041738,-43.57753047,-28.67190316,-1.675772659,-43.37719313,-31.24154581,2.888016139,-39.51221206,27.55778612,3.710994989,-37.69067187,-38.2731963,-0.566881088,-35.40037703,35.64298117,-0.515304351,-32.94007243,0,0.05004,0.021
33.44291591,6.303976904,-36.6415157,-35.17104295,5.781017683,-39.15217611,36.74035366,-5.767679538,-37.52158787,-33.39929267,-5.676448935,-37.29942981,-29.66747023,-0.553994948,-40.29794298,25.93592205,0.092760736,-38.51305666,-32.11536629,1.226878383,-45.12466258,28.82429448,1.146416456,-43.12122699,0,0.01254,0.013
33.35344097,4.557768822,-39.36016634,-33.57532664,7.283928434,-36.55122314,36.61259851,-3.958929076,-40.42955053,-31.65736581,-7.19665272,-34.39481993,-29.62432939,-0.497266217,-40.28077111,25.9640116,0.040711554,-38.50039787,-31.85922941,1.566111354,-45.0881228,28.88633622,0.72777678,-43.06229946,-0.00625,0.0125,0.022
28.95102639,0.034602076,-42.39749223,-30.8052731,-0.27766574,-44.63004083,31.96337416,-0.850687442,-43.35579284,-28.5142194,-0.893738369,-43.17598941,-36.26689593,-1.024518649,-31.19075014,33.02134856,-0.183284862,-28.21558013,-33.42509606,-5.015022537,-43.97802167,30.18070917,-5.254732135,-41.86026139,0,0.07504,0.025
33.35344097,4.557768822,-39.36016634,-33.57532664,7.283928434,-36.55122314,36.61259851,-3.958929076,-40.42955053,-31.65736581,-7.19665272,-34.39481993,-29.62432939,-0.497266217,-40.28077111,25.9640116,0.040711554,-38.50039787,-31.85922941,1.566111354,-45.0881228,28.88633622,0.72777678,-43.06229946,-0.00625,0.0125,0.021
35.84691231,1.086675728,-32.04536204,-37.54371992,0.819073509,-34.8438485,33.69693986,-4.798530546,-42.41194666,-30.29849014,-4.890650601,-42.13621836,-29.77595239,-0.061349693,-40.42883068,26.04592043,0.585445061,-38.6671026,-33.23413541,3.155842915,-44.12838617,30.00501084,3.177355718,-42.16607766,0,0.02504,0.014
31.72107234,7.833831368,-33.96490993,-35.05316567,4.114112869,-41.7178524,35.01734379,-7.404005415,-34.51813048,-33.27532962,-3.939223554,-40.14806864,-29.7088146,-0.609325641,-40.29864982,25.91484223,0.131627413,-38.53481565,-32.23209211,0.810133067,-45.12916367,28.58441986,1.468062789,-43.09596409,0.00625,0.01254,0.019
33.2043279,1.017831993,-27.34251987,-37.08413502,0.863371607,-39.48333771,32.97587787,-5.852223628,-41.8864792,-30.44300685,-3.68575589,-42.68440715,-29.82768375,-0.206953761,-40.38763696,25.95675682,0.693872192,-38.67539567,-33.36600941,2.050929794,-44.54725359,29.33163448,4.106514526,-41.74664009,0.00625,0.025,0.021
28.95102639,0.034602076,-42.39749223,-30.8052731,-0.27766574,-44.63004083,31.96337416,-0.850687442,-43.35579284,-28.5142194,-0.893738369,-43.17598941,-36.26689593,-1.024518649,-31.19075014,33.02134856,-0.183284862,-28.21558013,-33.42509606,-5.015022537,-43.97802167,30.18070917,-5.254732135,-41.86026139,0,0.07504,0.016
29.33325885,-1.095681144,-42.42959005,-31.19768009,-1.381200991,-44.65770121,32.00574899,-1.093954414,-43.4502905,-28.55415837,-1.145146874,-43.25037582,-34.05523504,3.774610978,-35.34684923,30.55968391,4.904237598,-32.98431723,-36.3424613,-5.742148458,-39.25612481,33.42859464,-6.04182749,-36.91496364,0,0.06254,0.021
28.84350212,-0.103882628,-42.39879975,-30.83383165,-0.126304416,-44.5784308,31.93075561,-0.874792069,-43.34843096,-28.49717321,-0.871860976,-43.13681463,-35.82700135,-1.023561064,-35.60910564,30.45053246,-0.091623387,-23.68105648,-33.51615578,-3.840651259,-44.41636491,29.44056782,-6.27549061,-41.27482202,0.00625,0.075,0.022
33.74723926,-4.296047471,-36.33380268,-35.51976265,-4.295061853,-38.84960274,32.47355929,-2.720647692,-43.57845721,-29.04346777,-2.812672232,-43.36839988,-30.13374233,0.99070703,-40.46824902,26.37853766,1.667323745,-38.67448456,-36.10807603,4.17851755,-39.74424218,33.14987428,4.409272855,-37.61041939,0,0.03754,0.022
33.35344097,4.557768822,-39.36016634,-33.57532664,7.283928434,-36.55122314,36.61259851,-3.958929076,-40.42955053,-31.65736581,-7.19665272,-34.39481993,-29.62432939,-0.497266217,-40.28077111,25.9640116,0.040711554,-38.50039787,-31.85922941,1.566111354,-45.0881228,28.88633622,0.72777678,-43.06229946,-0.00625,0.0125,0.017
33.44291591,6.303976904,-36.6415157,-35.17104295,5.781017683,-39.15217611,36.74035366,-5.767679538,-37.52158787,-33.39929267,-5.676448935,-37.29942981,-29.66747023,-0.553994948,-40.29794298,25.93592205,0.092760736,-38.51305666,-32.11536629,1.226878383,-45.12466258,28.82429448,1.146416456,-43.12122699,0,0.01254,0.014
31.72107234,7.833831368,-33.96490993,-35.05316567,4.114112869,-41.7178524,35.01734379,-7.404005415,-34.51813048,-33.27532962,-3.939223554,-40.14806864,-29.7088146,-0.609325641,-40.29864982,25.91484223,0.131627413,-38.53481565,-32.23209211,0.810133067,-45.12916367,28.58441986,1.468062789,-43.09596409,0.00625,0.01254,0.022
33.35344097,4.557768822,-39.36016634,-33.57532664,7.283928434,-36.55122314,36.61259851,-3.958929076,-40.42955053,-31.65736581,-7.19665272,-34.39481993,-29.62432939,-0.497266217,-40.28077111,25.9640116,0.040711554,-38.50039787,-31.85922941,1.566111354,-45.0881228,28.88633622,0.72777678,-43.06229946,-0.00625,0.0125,0.014
30.60775883,-3.233029617,-41.29365171,-32.45334281,-3.391083624,-43.53781026,32.11838341,-1.612041738,-43.57753047,-28.67190316,-1.675772659,-43.37719313,-31.24154581,2.888016139,-39.51221206,27.55778612,3.710994989,-37.69067187,-38.2731963,-0.566881088,-35.40037703,35.64298117,-0.515304351,-32.94007243,0,0.05004,0.026
35.54691136,1.141871166,-36.94243177,-35.21498836,0.786228052,-30.17651259,33.83618045,-3.605590226,-42.94121536,-29.54487519,-5.93301777,-41.55436852,-29.66894965,0.071186799,-40.41426909,26.08062725,0.444018405,-38.61280939,-32.5559816,4.105775333,-43.69288132,30.10987413,2.047519569,-42.57636979,-0.00625,0.025,0.015
29.85607034,-4.285265547,-40.77461462,-32.54717863,-2.229389745,-44.00245062,32.0202534,-1.737303729,-43.58212311,-28.71164802,-1.524596722,-43.3241765,-31.35707037,1.783115992,-39.92824149,26.83321894,4.615686489,-37.2640479,-37.89616449,-0.63521565,-39.96606187,33.16278933,-0.352914426,-28.27591782,0.00625,0.05,0.022
29.85607034,-4.285265547,-40.77461462,-32.54717863,-2.229389745,-44.00245062,32.0202534,-1.737303729,-43.58212311,-28.71164802,-1.524596722,-43.3241765,-31.35707037,1.783115992,-39.92824149,26.83321894,4.615686489,-37.2640479,-37.89616449,-0.63521565,-39.96606187,33.16278933,-0.352914426,-28.27591782,0.00625,0.05,0.016
29.06059965,-1.468921284,-42.39274381,-31.27693905,-0.944650653,-44.62594957,31.95888224,-1.143489047,-43.44835279,-28.55694559,-1.0894667,-43.21719522,-33.88730119,2.120910822,-37.73882147,28.83764448,6.433428852,-30.45742062,-36.19990576,-4.039550359,-41.95719945,31.6875589,-7.530578687,-34.00125969,0.00625,0.0625,0.014
29.06059965,-1.468921284,-42.39274381,-31.27693905,-0.944650653,-44.62594957,31.95888224,-1.143489047,-43.44835279,-28.55694559,-1.0894667,-43.21719522,-33.88730119,2.120910822,-37.73882147,28.83764448,6.433428852,-30.45742062,-36.19990576,-4.039550359,-41.95719945,31.6875589,-7.530578687,-34.00125969,0.00625,0.0625,0.017
29.06059965,-1.468921284,-42.39274381,-31.27693905,-0.944650653,-44.62594957,31.95888224,-1.143489047,-43.44835279,-28.55694559,-1.0894667,-43.21719522,-33.88730119,2.120910822,-37.73882147,28.83764448,6.433428852,-30.45742062,-36.19990576,-4.039550359,-41.95719945,31.6875589,-7.530578687,-34.00125969,0.00625,0.0625,0.019
31.90099512,-5.962779576,-33.45334766,-35.306833,-2.523030288,-41.548488,32.20526786,-3.087242162,-43.54436984,-29.12687793,-2.364764987,-43.3366504,-30.21323849,0.574114777,-40.43846916,26.14126129,1.976160572,-38.68985798,-35.93644027,2.467549877,-42.22175257,31.47793585,6.01347761,-35.05515434,0.00625,0.0375,0.015
28.95102639,0.034602076,-42.39749223,-30.8052731,-0.27766574,-44.63004083,31.96337416,-0.850687442,-43.35579284,-28.5142194,-0.893738369,-43.17598941,-36.26689593,-1.024518649,-31.19075014,33.02134856,-0.183284862,-28.21558013,-33.42509606,-5.015022537,-43.97802167,30.18070917,-5.254732135,-41.86026139,0,0.07504,0.014
31.90099512,-5.962779576,-33.45334766,-35.306833,-2.523030288,-41.548488,32.20526786,-3.087242162,-43.54436984,-29.12687793,-2.364764987,-43.3366504,-30.21323849,0.574114777,-40.43846916,26.14126129,1.976160572,-38.68985798,-35.93644027,2.467549877,-42.22175257,31.47793585,6.01347761,-35.05515434,0.00625,0.0375,0.023
35.84691231,1.086675728,-32.04536204,-37.54371992,0.819073509,-34.8438485,33.69693986,-4.798530546,-42.41194666,-30.29849014,-4.890650601,-42.13621836,-29.77595239,-0.061349693,-40.42883068,26.04592043,0.585445061,-38.6671026,-33.23413541,3.155842915,-44.12838617,30.00501084,3.177355718,-42.16607766,0,0.02504,0.016
1.973686893,-1.655667203,-38.9666755,-2.067443899,-1.244216619,-40.85995557,-4.607137762,-1.970058904,-38.12508408,3.926686097,-1.380673828,-40.23100911,-4.883904368,-2.18602613,-38.88700243,3.893178158,-1.550047898,-40.74494018,1.475674134,-1.880684019,-39.6932923,-2.298473391,-1.406844261,-41.39897683,-0.00625,0.075,0.012
33.44291591,6.303976904,-36.6415157,-35.17104295,5.781017683,-39.15217611,36.74035366,-5.767679538,-37.52158787,-33.39929267,-5.676448935,-37.29942981,-29.66747023,-0.553994948,-40.29794298,25.93592205,0.092760736,-38.51305666,-32.11536629,1.226878383,-45.12466258,28.82429448,1.146416456,-43.12122699,0,0.01254,0.016
28.84350212,-0.103882628,-42.39879975,-30.83383165,-0.126304416,-44.5784308,31.93075561,-0.874792069,-43.34843096,-28.49717321,-0.871860976,-43.13681463,-35.82700135,-1.023561064,-35.60910564,30.45053246,-0.091623387,-23.68105648,-33.51615578,-3.840651259,-44.41636491,29.44056782,-6.27549061,-41.27482202,0.00625,0.075,0.019
28.84350212,-0.103882628,-42.39879975,-30.83383165,-0.126304416,-44.5784308,31.93075561,-0.874792069,-43.34843096,-28.49717321,-0.871860976,-43.13681463,-35.82700135,-1.023561064,-35.60910564,30.45053246,-0.091623387,-23.68105648,-33.51615578,-3.840651259,-44.41636491,29.44056782,-6.27549061,-41.27482202,0.00625,0.075,0.013
29.43037739,-0.679093159,-42.40995685,-30.91556834,-1.746695238,-44.59433861,32.02236769,-1.046271563,-43.41431101,-28.47404624,-1.185193883,-43.21507617,-32.54516101,5.303666305,-32.81554975,30.45028914,3.129597558,-35.65646129,-34.64551227,-7.232277571,-36.4218354,33.20720932,-4.292580307,-39.77469888,-0.00625,0.0625,0.015
33.74723926,-4.296047471,-36.33380268,-35.51976265,-4.295061853,-38.84960274,32.47355929,-2.720647692,-43.57845721,-29.04346777,-2.812672232,-43.36839988,-30.13374233,0.99070703,-40.46824902,26.37853766,1.667323745,-38.67448456,-36.10807603,4.17851755,-39.74424218,33.14987428,4.409272855,-37.61041939,0,0.03754,0.02
33.61527542,-2.434587521,-39.19708589,-33.85271179,-5.898104033,-36.04810077,32.57082953,-2.289632555,-43.55691163,-28.73533155,-3.189776139,-43.27465409,-29.8594831,1.337309098,-40.40435322,26.48228038,1.258598747,-38.68948244,-34.41779794,5.758680329,-37.13133077,32.9148773,2.593590915,-40.17957838,-0.00625,0.0375,0.023
31.72107234,7.833831368,-33.96490993,-35.05316567,4.114112869,-41.7178524,35.01734379,-7.404005415,-34.51813048,-33.27532962,-3.939223554,-40.14806864,-29.7088146,-0.609325641,-40.29864982,25.91484223,0.131627413,-38.53481565,-32.23209211,0.810133067,-45.12916367,28.58441986,1.468062789,-43.09596409,0.00625,0.01254,0.012
29.85607034,-4.285265547,-40.77461462,-32.54717863,-2.229389745,-44.00245062,32.0202534,-1.737303729,-43.58212311,-28.71164802,-1.524596722,-43.3241765,-31.35707037,1.783115992,-39.92824149,26.83321894,4.615686489,-37.2640479,-37.89616449,-0.63521565,-39.96606187,33.16278933,-0.352914426,-28.27591782,0.00625,0.05,0.026
29.85607034,-4.285265547,-40.77461462,-32.54717863,-2.229389745,-44.00245062,32.0202534,-1.737303729,-43.58212311,-28.71164802,-1.524596722,-43.3241765,-31.35707037,1.783115992,-39.92824149,26.83321894,4.615686489,-37.2640479,-37.89616449,-0.63521565,-39.96606187,33.16278933,-0.352914426,-28.27591782,0.00625,0.05,0.014
35.54691136,1.141871166,-36.94243177,-35.21498836,0.786228052,-30.17651259,33.83618045,-3.605590226,-42.94121536,-29.54487519,-5.93301777,-41.55436852,-29.66894965,0.071186799,-40.41426909,26.08062725,0.444018405,-38.61280939,-32.5559816,4.105775333,-43.69288132,30.10987413,2.047519569,-42.57636979,-0.00625,0.025,0.017
29.43037739,-0.679093159,-42.40995685,-30.91556834,-1.746695238,-44.59433861,32.02236769,-1.046271563,-43.41431101,-28.47404624,-1.185193883,-43.21507617,-32.54516101,5.303666305,-32.81554975,30.45028914,3.129597558,-35.65646129,-34.64551227,-7.232277571,-36.4218354,33.20720932,-4.292580307,-39.77469888,-0.00625,0.0625,0.022
29.43037739,-0.679093159,-42.40995685,-30.91556834,-1.746695238,-44.59433861,32.02236769,-1.046271563,-43.41431101,-28.47404624,-1.185193883,-43.21507617,-32.54516101,5.303666305,-32.81554975,30.45028914,3.129597558,-35.65646129,-34.64551227,-7.232277571,-36.4218354,33.20720932,-4.292580307,-39.77469888,-0.00625,0.0625,0.025
31.90099512,-5.962779576,-33.45334766,-35.306833,-2.523030288,-41.548488,32.20526786,-3.087242162,-43.54436984,-29.12687793,-2.364764987,-43.3366504,-30.21323849,0.574114777,-40.43846916,26.14126129,1.976160572,-38.68985798,-35.93644027,2.467549877,-42.22175257,31.47793585,6.01347761,-35.05515434,0.00625,0.0375,0.019
33.74723926,-4.296047471,-36.33380268,-35.51976265,-4.295061853,-38.84960274,32.47355929,-2.720647692,-43.57845721,-29.04346777,-2.812672232,-43.36839988,-30.13374233,0.99070703,-40.46824902,26.37853766,1.667323745,-38.67448456,-36.10807603,4.17851755,-39.74424218,33.14987428,4.409272855,-37.61041939,0,0.03754,0.016
30.76190595,-2.046914471,-41.80410408,-31.74006645,-4.443260867,-42.9894598,32.15079829,-1.466145671,-43.50947623,-28.52481987,-1.796413594,-43.32000149,-30.58806108,3.821252131,-39.08886372,27.68655658,2.585796239,-38.14868279,-35.87471223,-0.416729924,-30.70715166,35.14797347,-0.638833236,-37.7171692,-0.00625,0.05,0.017
31.72107234,7.833831368,-33.96490993,-35.05316567,4.114112869,-41.7178524,35.01734379,-7.404005415,-34.51813048,-33.27532962,-3.939223554,-40.14806864,-29.7088146,-0.609325641,-40.29864982,25.91484223,0.131627413,-38.53481565,-32.23209211,0.810133067,-45.12916367,28.58441986,1.468062789,-43.09596409,0.00625,0.01254,0.02
30.60775883,-3.233029617,-41.29365171,-32.45334281,-3.391083624,-43.53781026,32.11838341,-1.612041738,-43.57753047,-28.67190316,-1.675772659,-43.37719313,-31.24154581,2.888016139,-39.51221206,27.55778612,3.710994989,-37.69067187,-38.2731963,-0.566881088,-35.40037703,35.64298117,-0.515304351,-32.94007243,0,0.05004,0.012
33.61527542,-2.434587521,-39.19708589,-33.85271179,-5.898104033,-36.04810077,32.57082953,-2.289632555,-43.55691163,-28.73533155,-3.189776139,-43.27465409,-29.8594831,1.337309098,-40.40435322,26.48228038,1.258598747,-38.68948244,-34.41779794,5.758680329,-37.13133077,32.9148773,2.593590915,-40.17957838,-0.00625,0.0375,0.019
30.60775883,-3.233029617,-41.29365171,-32.45334281,-3.391083624,-43.53781026,32.11838341,-1.612041738,-43.57753047,-28.67190316,-1.675772659,-43.37719313,-31.24154581,2.888016139,-39.51221206,27.55778612,3.710994989,-37.69067187,-38.2731963,-0.566881088,-35.40037703,35.64298117,-0.515304351,-32.94007243,0,0.05004,0.013
35.54691136,1.141871166,-36.94243177,-35.21498836,0.786228052,-30.17651259,33.83618045,-3.605590226,-42.94121536,-29.54487519,-5.93301777,-41.55436852,-29.66894965,0.071186799,-40.41426909,26.08062725,0.444018405,-38.61280939,-32.5559816,4.105775333,-43.69288132,30.10987413,2.047519569,-42.57636979,-0.00625,0.025,0.014
28.84350212,-0.103882628,-42.39879975,-30.83383165,-0.126304416,-44.5784308,31.93075561,-0.874792069,-43.34843096,-28.49717321,-0.871860976,-43.13681463,-35.82700135,-1.023561064,-35.60910564,30.45053246,-0.091623387,-23.68105648,-33.51615578,-3.840651259,-44.41636491,29.44056782,-6.27549061,-41.27482202,0.00625,0.075,0.024
33.74723926,-4.296047471,-36.33380268,-35.51976265,-4.295061853,-38.84960274,32.47355929,-2.720647692,-43.57845721,-29.04346777,-2.812672232,-43.36839988,-30.13374233,0.99070703,-40.46824902,26.37853766,1.667323745,-38.67448456,-36.10807603,4.17851755,-39.74424218,33.14987428,4.409272855,-37.61041939,0,0.03754,0.012
33.35344097,4.557768822,-39.36016634,-33.57532664,7.283928434,-36.55122314,36.61259851,-3.958929076,-40.42955053,-31.65736581,-7.19665272,-34.39481993,-29.62432939,-0.497266217,-40.28077111,25.9640116,0.040711554,-38.50039787,-31.85922941,1.566111354,-45.0881228,28.88633622,0.72777678,-43.06229946,-0.00625,0.0125,0.013
33.2043279,1.017831993,-27.34251987,-37.08413502,0.863371607,-39.48333771,32.97587787,-5.852223628,-41.8864792,-30.44300685,-3.68575589,-42.68440715,-29.82768375,-0.206953761,-40.38763696,25.95675682,0.693872192,-38.67539567,-33.36600941,2.050929794,-44.54725359,29.33163448,4.106514526,-41.74664009,0.00625,0.025,0.015
33.2043279,1.017831993,-27.34251987,-37.08413502,0.863371607,-39.48333771,32.97587787,-5.852223628,-41.8864792,-30.44300685,-3.68575589,-42.68440715,-29.82768375,-0.206953761,-40.38763696,25.95675682,0.693872192,-38.67539567,-33.36600941,2.050929794,-44.54725359,29.33163448,4.106514526,-41.74664009,0.00625,0.025,0.022
30.76190595,-2.046914471,-41.80410408,-31.74006645,-4.443260867,-42.9894598,32.15079829,-1.466145671,-43.50947623,-28.52481987,-1.796413594,-43.32000149,-30.58806108,3.821252131,-39.08886372,27.68655658,2.585796239,-38.14868279,-35.87471223,-0.416729924,-30.70715166,35.14797347,-0.638833236,-37.7171692,-0.00625,0.05,0.02
33.2043279,1.017831993,-27.34251987,-37.08413502,0.863371607,-39.48333771,32.97587787,-5.852223628,-41.8864792,-30.44300685,-3.68575589,-42.68440715,-29.82768375,-0.206953761,-40.38763696,25.95675682,0.693872192,-38.67539567,-33.36600941,2.050929794,-44.54725359,29.33163448,4.106514526,-41.74664009,0.00625,0.025,0.013
30.76190595,-2.046914471,-41.80410408,-31.74006645,-4.443260867,-42.9894598,32.15079829,-1.466145671,-43.50947623,-28.52481987,-1.796413594,-43.32000149,-30.58806108,3.821252131,-39.08886372,27.68655658,2.585796239,-38.14868279,-35.87471223,-0.416729924,-30.70715166,35.14797347,-0.638833236,-37.7171692,-0.00625,0.05,0.016
31.72107234,7.833831368,-33.96490993,-35.05316567,4.114112869,-41.7178524,35.01734379,-7.404005415,-34.51813048,-33.27532962,-3.939223554,-40.14806864,-29.7088146,-0.609325641,-40.29864982,25.91484223,0.131627413,-38.53481565,-32.23209211,0.810133067,-45.12916367,28.58441986,1.468062789,-43.09596409,0.00625,0.01254,0.023
30.60775883,-3.233029617,-41.29365171,-32.45334281,-3.391083624,-43.53781026,32.11838341,-1.612041738,-43.57753047,-28.67190316,-1.675772659,-43.37719313,-31.24154581,2.888016139,-39.51221206,27.55778612,3.710994989,-37.69067187,-38.2731963,-0.566881088,-35.40037703,35.64298117,-0.515304351,-32.94007243,0,0.05004,0.022
29.43037739,-0.679093159,-42.40995685,-30.91556834,-1.746695238,-44.59433861,32.02236769,-1.046271563,-43.41431101,-28.47404624,-1.185193883,-43.21507617,-32.54516101,5.303666305,-32.81554975,30.45028914,3.129597558,-35.65646129,-34.64551227,-7.232277571,-36.4218354,33.20720932,-4.292580307,-39.77469888,-0.00625,0.0625,0.024
33.44291591,6.303976904,-36.6415157,-35.17104295,5.781017683,-39.15217611,36.74035366,-5.767679538,-37.52158787,-33.39929267,-5.676448935,-37.29942981,-29.66747023,-0.553994948,-40.29794298,25.93592205,0.092760736,-38.51305666,-32.11536629,1.226878383,-45.12466258,28.82429448,1.146416456,-43.12122699,0,0.01254,0.019
31.90099512,-5.962779576,-33.45334766,-35.306833,-2.523030288,-41.548488,32.20526786,-3.087242162,-43.54436984,-29.12687793,-2.364764987,-43.3366504,-30.21323849,0.574114777,-40.43846916,26.14126129,1.976160572,-38.68985798,-35.93644027,2.467549877,-42.22175257,31.47793585,6.01347761,-35.05515434,0.00625,0.0375,0.02
31.72107234,7.833831368,-33.96490993,-35.05316567,4.114112869,-41.7178524,35.01734379,-7.404005415,-34.51813048,-33.27532962,-3.939223554,-40.14806864,-29.7088146,-0.609325641,-40.29864982,25.91484223,0.131627413,-38.53481565,-32.23209211,0.810133067,-45.12916367,28.58441986,1.468062789,-43.09596409,0.00625,0.01254,0.013
29.06059965,-1.468921284,-42.39274381,-31.27693905,-0.944650653,-44.62594957,31.95888224,-1.143489047,-43.44835279,-28.55694559,-1.0894667,-43.21719522,-33.88730119,2.120910822,-37.73882147,28.83764448,6.433428852,-30.45742062,-36.19990576,-4.039550359,-41.95719945,31.6875589,-7.530578687,-34.00125969,0.00625,0.0625,0.02
1.973686893,-1.655667203,-38.9666755,-2.067443899,-1.244216619,-40.85995557,-4.607137762,-1.970058904,-38.12508408,3.926686097,-1.380673828,-40.23100911,-4.883904368,-2.18602613,-38.88700243,3.893178158,-1.550047898,-40.74494018,1.475674134,-1.880684019,-39.6932923,-2.298473391,-1.406844261,-41.39897683,-0.00625,0.075,0.016
29.06059965,-1.468921284,-42.39274381,-31.27693905,-0.944650653,-44.62594957,31.95888224,-1.143489047,-43.44835279,-28.55694559,-1.0894667,-43.21719522,-33.88730119,2.120910822,-37.73882147,28.83764448,6.433428852,-30.45742062,-36.19990576,-4.039550359,-41.95719945,31.6875589,-7.530578687,-34.00125969,0.00625,0.0625,0.016
30.60775883,-3.233029617,-41.29365171,-32.45334281,-3.391083624,-43.53781026,32.11838341,-1.612041738,-43.57753047,-28.67190316,-1.675772659,-43.37719313,-31.24154581,2.888016139,-39.51221206,27.55778612,3.710994989,-37.69067187,-38.2731963,-0.566881088,-35.40037703,35.64298117,-0.515304351,-32.94007243,0,0.05004,0.024
29.85607034,-4.285265547,-40.77461462,-32.54717863,-2.229389745,-44.00245062,32.0202534,-1.737303729,-43.58212311,-28.71164802,-1.524596722,-43.3241765,-31.35707037,1.783115992,-39.92824149,26.83321894,4.615686489,-37.2640479,-37.89616449,-0.63521565,-39.96606187,33.16278933,-0.352914426,-28.27591782,0.00625,0.05,0.021
33.61527542,-2.434587521,-39.19708589,-33.85271179,-5.898104033,-36.04810077,32.57082953,-2.289632555,-43.55691163,-28.73533155,-3.189776139,-43.27465409,-29.8594831,1.337309098,-40.40435322,26.48228038,1.258598747,-38.68948244,-34.41779794,5.758680329,-37.13133077,32.9148773,2.593590915,-40.17957838,-0.00625,0.0375,0.012
31.90099512,-5.962779576,-33.45334766,-35.306833,-2.523030288,-41.548488,32.20526786,-3.087242162,-43.54436984,-29.12687793,-2.364764987,-43.3366504,-30.21323849,0.574114777,-40.43846916,26.14126129,1.976160572,-38.68985798,-35.93644027,2.467549877,-42.22175257,31.47793585,6.01347761,-35.05515434,0.00625,0.0375,0.013
29.43037739,-0.679093159,-42.40995685,-30.91556834,-1.746695238,-44.59433861,32.02236769,-1.046271563,-43.41431101,-28.47404624,-1.185193883,-43.21507617,-32.54516101,5.303666305,-32.81554975,30.45028914,3.129597558,-35.65646129,-34.64551227,-7.232277571,-36.4218354,33.20720932,-4.292580307,-39.77469888,-0.00625,0.0625,0.017
33.35344097,4.557768822,-39.36016634,-33.57532664,7.283928434,-36.55122314,36.61259851,-3.958929076,-40.42955053,-31.65736581,-7.19665272,-34.39481993,-29.62432939,-0.497266217,-40.28077111,25.9640116,0.040711554,-38.50039787,-31.85922941,1.566111354,-45.0881228,28.88633622,0.72777678,-43.06229946,-0.00625,0.0125,0.026
29.06059965,-1.468921284,-42.39274381,-31.27693905,-0.944650653,-44.62594957,31.95888224,-1.143489047,-43.44835279,-28.55694559,-1.0894667,-43.21719522,-33.88730119,2.120910822,-37.73882147,28.83764448,6.433428852,-30.45742062,-36.19990576,-4.039550359,-41.95719945,31.6875589,-7.530578687,-34.00125969,0.00625,0.0625,0.024
30.76190595,-2.046914471,-41.80410408,-31.74006645,-4.443260867,-42.9894598,32.15079829,-1.466145671,-43.50947623,-28.52481987,-1.796413594,-43.32000149,-30.58806108,3.821252131,-39.08886372,27.68655658,2.585796239,-38.14868279,-35.87471223,-0.416729924,-30.70715166,35.14797347,-0.638833236,-37.7171692,-0.00625,0.05,0.014
33.61527542,-2.434587521,-39.19708589,-33.85271179,-5.898104033,-36.04810077,32.57082953,-2.289632555,-43.55691163,-28.73533155,-3.189776139,-43.27465409,-29.8594831,1.337309098,-40.40435322,26.48228038,1.258598747,-38.68948244,-34.41779794,5.758680329,-37.13133077,32.9148773,2.593590915,-40.17957838,-0.00625,0.0375,0.026
33.74723926,-4.296047471,-36.33380268,-35.51976265,-4.295061853,-38.84960274,32.47355929,-2.720647692,-43.57845721,-29.04346777,-2.812672232,-43.36839988,-30.13374233,0.99070703,-40.46824902,26.37853766,1.667323745,-38.67448456,-36.10807603,4.17851755,-39.74424218,33.14987428,4.409272855,-37.61041939,0,0.03754,0.023
35.54691136,1.141871166,-36.94243177,-35.21498836,0.786228052,-30.17651259,33.83618045,-3.605590226,-42.94121536,-29.54487519,-5.93301777,-41.55436852,-29.66894965,0.071186799,-40.41426909,26.08062725,0.444018405,-38.61280939,-32.5559816,4.105775333,-43.69288132,30.10987413,2.047519569,-42.57636979,-0.00625,0.025,0.019
33.2043279,1.017831993,-27.34251987,-37.08413502,0.863371607,-39.48333771,32.97587787,-5.852223628,-41.8864792,-30.44300685,-3.68575589,-42.68440715,-29.82768375,-0.206953761,-40.38763696,25.95675682,0.693872192,-38.67539567,-33.36600941,2.050929794,-44.54725359,29.33163448,4.106514526,-41.74664009,0.00625,0.025,0.026
35.84691231,1.086675728,-32.04536204,-37.54371992,0.819073509,-34.8438485,33.69693986,-4.798530546,-42.41194666,-30.29849014,-4.890650601,-42.13621836,-29.77595239,-0.061349693,-40.42883068,26.04592043,0.585445061,-38.6671026,-33.23413541,3.155842915,-44.12838617,30.00501084,3.177355718,-42.16607766,0,0.02504,0.012
33.74723926,-4.296047471,-36.33380268,-35.51976265,-4.295061853,-38.84960274,32.47355929,-2.720647692,-43.57845721,-29.04346777,-2.812672232,-43.36839988,-30.13374233,0.99070703,-40.46824902,26.37853766,1.667323745,-38.67448456,-36.10807603,4.17851755,-39.74424218,33.14987428,4.409272855,-37.61041939,0,0.03754,0.021
33.61527542,-2.434587521,-39.19708589,-33.85271179,-5.898104033,-36.04810077,32.57082953,-2.289632555,-43.55691163,-28.73533155,-3.189776139,-43.27465409,-29.8594831,1.337309098,-40.40435322,26.48228038,1.258598747,-38.68948244,-34.41779794,5.758680329,-37.13133077,32.9148773,2.593590915,-40.17957838,-0.00625,0.0375,0.013
30.76190595,-2.046914471,-41.80410408,-31.74006645,-4.443260867,-42.9894598,32.15079829,-1.466145671,-43.50947623,-28.52481987,-1.796413594,-43.32000149,-30.58806108,3.821252131,-39.08886372,27.68655658,2.585796239,-38.14868279,-35.87471223,-0.416729924,-30.70715166,35.14797347,-0.638833236,-37.7171692,-0.00625,0.05,0.026
33.2043279,1.017831993,-27.34251987,-37.08413502,0.863371607,-39.48333771,32.97587787,-5.852223628,-41.8864792,-30.44300685,-3.68575589,-42.68440715,-29.82768375,-0.206953761,-40.38763696,25.95675682,0.693872192,-38.67539567,-33.36600941,2.050929794,-44.54725359,29.33163448,4.106514526,-41.74664009,0.00625,0.025,0.016
28.95102639,0.034602076,-42.39749223,-30.8052731,-0.27766574,-44.63004083,31.96337416,-0.850687442,-43.35579284,-28.5142194,-0.893738369,-43.17598941,-36.26689593,-1.024518649,-31.19075014,33.02134856,-0.183284862,-28.21558013,-33.42509606,-5.015022537,-43.97802167,30.18070917,-5.254732135,-41.86026139,0,0.07504,0.013
31.90099512,-5.962779576,-33.45334766,-35.306833,-2.523030288,-41.548488,32.20526786,-3.087242162,-43.54436984,-29.12687793,-2.364764987,-43.3366504,-30.21323849,0.574114777,-40.43846916,26.14126129,1.976160572,-38.68985798,-35.93644027,2.467549877,-42.22175257,31.47793585,6.01347761,-35.05515434,0.00625,0.0375,0.018
29.43037739,-0.679093159,-42.40995685,-30.91556834,-1.746695238,-44.59433861,32.02236769,-1.046271563,-43.41431101,-28.47404624,-1.185193883,-43.21507617,-32.54516101,5.303666305,-32.81554975,30.45028914,3.129597558,-35.65646129,-34.64551227,-7.232277571,-36.4218354,33.20720932,-4.292580307,-39.77469888,-0.00625,0.0625,0.016
29.43037739,-0.679093159,-42.40995685,-30.91556834,-1.746695238,-44.59433861,32.02236769,-1.046271563,-43.41431101,-28.47404624,-1.185193883,-43.21507617,-32.54516101,5.303666305,-32.81554975,30.45028914,3.129597558,-35.65646129,-34.64551227,-7.232277571,-36.4218354,33.20720932,-4.292580307,-39.77469888,-0.00625,0.0625,0.02
29.85607034,-4.285265547,-40.77461462,-32.54717863,-2.229389745,-44.00245062,32.0202534,-1.737303729,-43.58212311,-28.71164802,-1.524596722,-43.3241765,-31.35707037,1.783115992,-39.92824149,26.83321894,4.615686489,-37.2640479,-37.89616449,-0.63521565,-39.96606187,33.16278933,-0.352914426,-28.27591782,0.00625,0.05,0.019
35.84691231,1.086675728,-32.04536204,-37.54371992,0.819073509,-34.8438485,33.69693986,-4.798530546,-42.41194666,-30.29849014,-4.890650601,-42.13621836,-29.77595239,-0.061349693,-40.42883068,26.04592043,0.585445061,-38.6671026,-33.23413541,3.155842915,-44.12838617,30.00501084,3.177355718,-42.16607766,0,0.02504,0.013
33.44291591,6.303976904,-36.6415157,-35.17104295,5.781017683,-39.15217611,36.74035366,-5.767679538,-37.52158787,-33.39929267,-5.676448935,-37.29942981,-29.66747023,-0.553994948,-40.29794298,25.93592205,0.092760736,-38.51305666,-32.11536629,1.226878383,-45.12466258,28.82429448,1.146416456,-43.12122699,0,0.01254,0.018
29.33325885,-1.095681144,-42.42959005,-31.19768009,-1.381200991,-44.65770121,32.00574899,-1.093954414,-43.4502905,-28.55415837,-1.145146874,-43.25037582,-34.05523504,3.774610978,-35.34684923,30.55968391,4.904237598,-32.98431723,-36.3424613,-5.742148458,-39.25612481,33.42859464,-6.04182749,-36.91496364,0,0.06254,0.019
33.61527542,-2.434587521,-39.19708589,-33.85271179,-5.898104033,-36.04810077,32.57082953,-2.289632555,-43.55691163,-28.73533155,-3.189776139,-43.27465409,-29.8594831,1.337309098,-40.40435322,26.48228038,1.258598747,-38.68948244,-34.41779794,5.758680329,-37.13133077,32.9148773,2.593590915,-40.17957838,-0.00625,0.0375,0.02
29.06059965,-1.468921284,-42.39274381,-31.27693905,-0.944650653,-44.62594957,31.95888224,-1.143489047,-43.44835279,-28.55694559,-1.0894667,-43.21719522,-33.88730119,2.120910822,-37.73882147,28.83764448,6.433428852,-30.45742062,-36.19990576,-4.039550359,-41.95719945,31.6875589,-7.530578687,-34.00125969,0.00625,0.0625,0.012
33.44291591,6.303976904,-36.6415157,-35.17104295,5.781017683,-39.15217611,36.74035366,-5.767679538,-37.52158787,-33.39929267,-5.676448935,-37.29942981,-29.66747023,-0.553994948,-40.29794298,25.93592205,0.092760736,-38.51305666,-32.11536629,1.226878383,-45.12466258,28.82429448,1.146416456,-43.12122699,0,0.01254,0.017
28.95102639,0.034602076,-42.39749223,-30.8052731,-0.27766574,-44.63004083,31.96337416,-0.850687442,-43.35579284,-28.5142194,-0.893738369,-43.17598941,-36.26689593,-1.024518649,-31.19075014,33.02134856,-0.183284862,-28.21558013,-33.42509606,-5.015022537,-43.97802167,30.18070917,-5.254732135,-41.86026139,0,0.07504,0.024
1.973686893,-1.655667203,-38.9666755,-2.067443899,-1.244216619,-40.85995557,-4.607137762,-1.970058904,-38.12508408,3.926686097,-1.380673828,-40.23100911,-4.883904368,-2.18602613,-38.88700243,3.893178158,-1.550047898,-40.74494018,1.475674134,-1.880684019,-39.6932923,-2.298473391,-1.406844261,-41.39897683,-0.00625,0.075,0.021
30.60775883,-3.233029617,-41.29365171,-32.45334281,-3.391083624,-43.53781026,32.11838341,-1.612041738,-43.57753047,-28.67190316,-1.675772659,-43.37719313,-31.24154581,2.888016139,-39.51221206,27.55778612,3.710994989,-37.69067187,-38.2731963,-0.566881088,-35.40037703,35.64298117,-0.515304351,-32.94007243,0,0.05004,0.02
29.43037739,-0.679093159,-42.40995685,-30.91556834,-1.746695238,-44.59433861,32.02236769,-1.046271563,-43.41431101,-28.47404624,-1.185193883,-43.21507617,-32.54516101,5.303666305,-32.81554975,30.45028914,3.129597558,-35.65646129,-34.64551227,-7.232277571,-36.4218354,33.20720932,-4.292580307,-39.77469888,-0.00625,0.0625,0.018
29.33325885,-1.095681144,-42.42959005,-31.19768009,-1.381200991,-44.65770121,32.00574899,-1.093954414,-43.4502905,-28.55415837,-1.145146874,-43.25037582,-34.05523504,3.774610978,-35.34684923,30.55968391,4.904237598,-32.98431723,-36.3424613,-5.742148458,-39.25612481,33.42859464,-6.04182749,-36.91496364,0,0.06254,0.024
28.84350212,-0.103882628,-42.39879975,-30.83383165,-0.126304416,-44.5784308,31.93075561,-0.874792069,-43.34843096,-28.49717321,-0.871860976,-43.13681463,-35.82700135,-1.023561064,-35.60910564,30.45053246,-0.091623387,-23.68105648,-33.51615578,-3.840651259,-44.41636491,29.44056782,-6.27549061,-41.27482202,0.00625,0.075,0.018
28.84350212,-0.103882628,-42.39879975,-30.83383165,-0.126304416,-44.5784308,31.93075561,-0.874792069,-43.34843096,-28.49717321,-0.871860976,-43.13681463,-35.82700135,-1.023561064,-35.60910564,30.45053246,-0.091623387,-23.68105648,-33.51615578,-3.840651259,-44.41636491,29.44056782,-6.27549061,-41.27482202,0.00625,0.075,0.025
28.95102639,0.034602076,-42.39749223,-30.8052731,-0.27766574,-44.63004083,31.96337416,-0.850687442,-43.35579284,-28.5142194,-0.893738369,-43.17598941,-36.26689593,-1.024518649,-31.19075014,33.02134856,-0.183284862,-28.21558013,-33.42509606,-5.015022537,-43.97802167,30.18070917,-5.254732135,-41.86026139,0,0.07504,0.019
